Results from Python FLake simulation (FIXED VERSION).
 No     time         Ts            Tm            Tb            ufr_a         ufr_w         Wconv         Qw            Q_se          Q_la          I_w           Q_lwa         Q_lww         h_ML          C_T           H_B1          T_B1         Qbot           H_ice        H_snow        T_ice         T_snow    
     0     0.00000       4.00000       4.00000       4.00000      0.000000  0.000000e+00  0.000000e+00      0.000000      0.000000      0.000000      0.000000      0.000000      0.000000       3.00000      0.500000       5.00000       4.00000  0.000000e+00      0.00000       0.00000      -3.98000      -3.98000
     1     1.00000       4.00000       4.00000       4.00000      0.000000  0.000000e+00  0.000000e+00      0.000000      0.000000      0.000000      0.000000      0.000000      0.000000       2.31729      0.500000       5.00000       4.00000 -0.000000e+00      0.00000       0.00000      -3.98000      -3.98000
     2     2.00000       4.00000       4.00000       4.00000      0.000000  0.000000e+00  0.000000e+00      0.000000      0.000000      0.000000      0.000000      0.000000      0.000000       1.79046      0.500000       5.00000       4.00000 -0.000000e+00      0.00000       0.00000      -3.98000      -3.98000
     3     3.00000       4.00000       4.00000       4.00000      0.000000  0.000000e+00  0.000000e+00      0.000000      0.000000      0.000000      0.000000      0.000000      0.000000       5.90000      0.500000       5.00000       4.00000 -0.000000e+00      0.00000       0.00000      -3.98000      -3.98000
     4     4.00000       4.00000       4.00000       4.00000      0.000000  0.000000e+00  0.000000e+00      0.000000      0.000000      0.000000      0.000000      0.000000      0.000000       4.55513      0.500000       5.00000       4.00000 -0.000000e+00      0.00000       0.00000      -3.98000      -3.98000
     5     5.00000       4.00000       4.00000       4.00000      0.000000  0.000000e+00  0.000000e+00      0.000000      0.000000      0.000000      0.000000      0.000000      0.000000       3.51733      0.500000       5.00000       4.00000 -0.000000e+00      0.00000       0.00000      -3.98000      -3.98000
     6     6.00000       4.00000       4.00000       4.00000      0.000000  0.000000e+00  0.000000e+00      0.000000      0.000000      0.000000      0.000000      0.000000      0.000000       2.71650      0.500000       5.00000       4.00000 -0.000000e+00      0.00000       0.00000      -3.98000      -3.98000
     7     7.00000       4.00000       4.00000       4.00000      0.000000  0.000000e+00  0.000000e+00      0.000000      0.000000      0.000000      0.000000      0.000000      0.000000       2.09852      0.500000       5.00000       4.00000 -0.000000e+00      0.00000       0.00000      -3.98000      -3.98000
     8     8.00000       4.00000       4.00000       4.00000      0.000000  0.000000e+00  0.000000e+00      0.000000      0.000000      0.000000      0.000000      0.000000      0.000000       1.62165      0.500000       5.00000       4.00000 -0.000000e+00      0.00000       0.00000      -3.98000      -3.98000
     9     9.00000       4.00000       4.00000       4.00000      0.000000  0.000000e+00  0.000000e+00      0.000000      0.000000      0.000000      0.000000      0.000000      0.000000       1.25366      0.500000       5.00000       4.00000 -0.000000e+00      0.00000       0.00000      -3.98000      -3.98000
    10    10.00000       4.00000       4.00000       4.00000      0.000000  0.000000e+00  0.000000e+00      0.000000      0.000000      0.000000      0.000000      0.000000      0.000000       0.96969      0.500000       5.00000       4.00000 -0.000000e+00      0.00000       0.00000      -3.98000      -3.98000
    11    11.00000       4.00000       4.00000       4.00000      0.000000  0.000000e+00  0.000000e+00      0.000000      0.000000      0.000000      0.000000      0.000000      0.000000       5.90000      0.500000       5.00000       4.00000 -0.000000e+00      0.00000       0.00000      -3.98000      -3.98000
    12    12.00000       4.00000       4.00000       4.00000      0.000000  0.000000e+00  0.000000e+00      0.000000      0.000000      0.000000      0.000000      0.000000      0.000000       4.55513      0.500000       5.00000       4.00000 -0.000000e+00      0.00000       0.00000      -3.98000      -3.98000
    13    13.00000       4.00000       4.00000       4.00000      0.000000  0.000000e+00  0.000000e+00      0.000000      0.000000      0.000000      0.000000      0.000000      0.000000       3.51733      0.500000       5.00000       4.00000 -0.000000e+00      0.00000       0.00000      -3.98000      -3.98000
    14    14.00000       4.00000       4.00000       4.00000      0.000000  0.000000e+00  0.000000e+00      0.000000      0.000000      0.000000      0.000000      0.000000      0.000000       2.71650      0.500000       5.00000       4.00000 -0.000000e+00      0.00000       0.00000      -3.98000      -3.98000
    15    15.00000       4.00000       4.00000       4.00000      0.000000  0.000000e+00  0.000000e+00      0.000000      0.000000      0.000000      0.000000      0.000000      0.000000       2.09852      0.500000       5.00000       4.00000 -0.000000e+00      0.00000       0.00000      -3.98000      -3.98000
    16    16.00000       4.00000       4.00000       4.00000      0.000000  0.000000e+00  0.000000e+00      0.000000      0.000000      0.000000      0.000000      0.000000      0.000000       1.62165      0.500000       5.00000       4.00000 -0.000000e+00      0.00000       0.00000      -3.98000      -3.98000
    17    17.00000       4.00000       4.00000       4.00000      0.000000  0.000000e+00  0.000000e+00      0.000000      0.000000      0.000000      0.000000      0.000000      0.000000       1.25366      0.500000       5.00000       4.00000 -0.000000e+00      0.00000       0.00000      -3.98000      -3.98000
    18    18.00000       4.00000       4.00000       4.00000      0.000000  0.000000e+00  0.000000e+00      0.000000      0.000000      0.000000      0.000000      0.000000      0.000000       0.96969      0.500000       5.00000       4.00000 -0.000000e+00      0.00000       0.00000      -3.98000      -3.98000
    19    19.00000       4.00000       4.00000       4.00000      0.000000  0.000000e+00  0.000000e+00      0.000000      0.000000      0.000000      0.000000      0.000000      0.000000       5.90000      0.500000       5.00000       4.00000 -0.000000e+00      0.00000       0.00000      -3.98000      -3.98000
    20    20.00000       4.00000       4.00000       4.00000      0.000000  0.000000e+00  0.000000e+00      0.000000      0.000000      0.000000      0.000000      0.000000      0.000000       4.55513      0.500000       5.00000       4.00000 -0.000000e+00      0.00000       0.00000      -3.98000      -3.98000
    21    21.00000       4.00000       4.00000       4.00000      0.000000  0.000000e+00  0.000000e+00      0.000000      0.000000      0.000000      0.000000      0.000000      0.000000       3.51733      0.500000       5.00000       4.00000 -0.000000e+00      0.00000       0.00000      -3.98000      -3.98000
    22    22.00000       4.00000       4.00000       4.00000      0.000000  0.000000e+00  0.000000e+00      0.000000      0.000000      0.000000      0.000000      0.000000      0.000000       2.71650      0.500000       5.00000       4.00000 -0.000000e+00      0.00000       0.00000      -3.98000      -3.98000
    23    23.00000       4.00000       4.00000       4.00000      0.000000  0.000000e+00  0.000000e+00      0.000000      0.000000      0.000000      0.000000      0.000000      0.000000       2.09852      0.500000       5.00000       4.00000 -0.000000e+00      0.00000       0.00000      -3.98000      -3.98000
    24    24.00000       4.00000       4.00000       4.00000      0.000000  0.000000e+00  0.000000e+00      0.000000      0.000000      0.000000      0.000000      0.000000      0.000000       1.62165      0.500000       5.00000       4.00000 -0.000000e+00      0.00000       0.00000      -3.98000      -3.98000
    25    25.00000       4.00000       4.00000       4.00000      0.000000  0.000000e+00  0.000000e+00      0.000000      0.000000      0.000000      0.000000      0.000000      0.000000       1.25366      0.500000       5.00000       4.00000 -0.000000e+00      0.00000       0.00000      -3.98000      -3.98000
    26    26.00000       4.00000       4.00000       4.00000      0.000000  0.000000e+00  0.000000e+00      0.000000      0.000000      0.000000      0.000000      0.000000      0.000000       0.96969      0.500000       5.00000       4.00000 -0.000000e+00      0.00000       0.00000      -3.98000      -3.98000
    27    27.00000       4.00000       4.00000       4.00000      0.000000  0.000000e+00  0.000000e+00      0.000000      0.000000      0.000000      0.000000      0.000000      0.000000       5.90000      0.500000       5.00000       4.00000 -0.000000e+00      0.00000       0.00000      -3.98000      -3.98000
    28    28.00000       4.00000       4.00000       4.00000      0.000000  0.000000e+00  0.000000e+00      0.000000      0.000000      0.000000      0.000000      0.000000      0.000000       4.55513      0.500000       5.00000       4.00000 -0.000000e+00      0.00000       0.00000      -3.98000      -3.98000
    29    29.00000       4.00000       4.00000       4.00000      0.000000  0.000000e+00  0.000000e+00      0.000000      0.000000      0.000000      0.000000      0.000000      0.000000       3.51733      0.500000       5.00000       4.00000 -0.000000e+00      0.00000       0.00000      -3.98000      -3.98000
    30    30.00000       4.00000       4.00000       4.00000      0.000000  0.000000e+00  0.000000e+00      0.000000      0.000000      0.000000      0.000000      0.000000      0.000000       2.71650      0.500000       5.00000       4.00000 -0.000000e+00      0.00000       0.00000      -3.98000      -3.98000
    31    31.00000       4.00000       4.00000       4.00000      0.000000  0.000000e+00  0.000000e+00      0.000000      0.000000      0.000000      0.000000      0.000000      0.000000       2.09852      0.500000       5.00000       4.00000 -0.000000e+00      0.00000       0.00000      -3.98000      -3.98000
    32    32.00000       4.00000       4.00000       4.00000      0.000000  0.000000e+00  0.000000e+00      0.000000      0.000000      0.000000      0.000000      0.000000      0.000000       1.62165      0.500000       5.00000       4.00000 -0.000000e+00      0.00000       0.00000      -3.98000      -3.98000
    33    33.00000       4.00000       4.00000       4.00000      0.000000  0.000000e+00  0.000000e+00      0.000000      0.000000      0.000000      0.000000      0.000000      0.000000       1.25366      0.500000       5.00000       4.00000 -0.000000e+00      0.00000       0.00000      -3.98000      -3.98000
    34    34.00000       4.00000       4.00000       4.00000      0.000000  0.000000e+00  0.000000e+00      0.000000      0.000000      0.000000      0.000000      0.000000      0.000000       0.96969      0.500000       5.00000       4.00000 -0.000000e+00      0.00000       0.00000      -3.98000      -3.98000
    35    35.00000       4.00000       4.00000       4.00000      0.000000  0.000000e+00  0.000000e+00      0.000000      0.000000      0.000000      0.000000      0.000000      0.000000       5.90000      0.500000       5.00000       4.00000 -0.000000e+00      0.00000       0.00000      -3.98000      -3.98000
    36    36.00000       4.00000       4.00000       4.00000      0.000000  0.000000e+00  0.000000e+00      0.000000      0.000000      0.000000      0.000000      0.000000      0.000000       4.55513      0.500000       5.00000       4.00000 -0.000000e+00      0.00000       0.00000      -3.98000      -3.98000
    37    37.00000       4.00000       4.00000       4.00000      0.000000  0.000000e+00  0.000000e+00      0.000000      0.000000      0.000000      0.000000      0.000000      0.000000       3.51733      0.500000       5.00000       4.00000 -0.000000e+00      0.00000       0.00000      -3.98000      -3.98000
    38    38.00000       4.00000       4.00000       4.00000      0.000000  0.000000e+00  0.000000e+00      0.000000      0.000000      0.000000      0.000000      0.000000      0.000000       2.71650      0.500000       5.00000       4.00000 -0.000000e+00      0.00000       0.00000      -3.98000      -3.98000
    39    39.00000       4.00000       4.00000       4.00000      0.000000  0.000000e+00  0.000000e+00      0.000000      0.000000      0.000000      0.000000      0.000000      0.000000       2.09852      0.500000       5.00000       4.00000 -0.000000e+00      0.00000       0.00000      -3.98000      -3.98000
    40    40.00000       4.00000       4.00000       4.00000      0.000000  0.000000e+00  0.000000e+00      0.000000      0.000000      0.000000      0.000000      0.000000      0.000000       1.62165      0.500000       5.00000       4.00000 -0.000000e+00      0.00000       0.00000      -3.98000      -3.98000
    41    41.00000       4.00000       4.00000       4.00000      0.000000  0.000000e+00  0.000000e+00      0.000000      0.000000      0.000000      0.000000      0.000000      0.000000       1.25366      0.500000       5.00000       4.00000 -0.000000e+00      0.00000       0.00000      -3.98000      -3.98000
    42    42.00000       4.00000       4.00000       4.00000      0.000000  0.000000e+00  0.000000e+00      0.000000      0.000000      0.000000      0.000000      0.000000      0.000000       0.96969      0.500000       5.00000       4.00000 -0.000000e+00      0.00000       0.00000      -3.98000      -3.98000
    43    43.00000       4.00000       4.00000       4.00000      0.000000  0.000000e+00  0.000000e+00      0.000000      0.000000      0.000000      0.000000      0.000000      0.000000       5.90000      0.500000       5.00000       4.00000 -0.000000e+00      0.00000       0.00000      -3.98000      -3.98000
    44    44.00000       4.00000       4.00000       4.00000      0.000000  0.000000e+00  0.000000e+00      0.000000      0.000000      0.000000      0.000000      0.000000      0.000000       4.55513      0.500000       5.00000       4.00000 -0.000000e+00      0.00000       0.00000      -3.98000      -3.98000
    45    45.00000       4.00000       4.00000       4.00000      0.000000  0.000000e+00  0.000000e+00      0.000000      0.000000      0.000000      0.000000      0.000000      0.000000       3.51733      0.500000       5.00000       4.00000 -0.000000e+00      0.00000       0.00000      -3.98000      -3.98000
    46    46.00000       4.00000       4.00000       4.00000      0.000000  0.000000e+00  0.000000e+00      0.000000      0.000000      0.000000      0.000000      0.000000      0.000000       2.71650      0.500000       5.00000       4.00000 -0.000000e+00      0.00000       0.00000      -3.98000      -3.98000
    47    47.00000       4.00000       4.00000       4.00000      0.000000  0.000000e+00  0.000000e+00      0.000000      0.000000      0.000000      0.000000      0.000000      0.000000       2.09852      0.500000       5.00000       4.00000 -0.000000e+00      0.00000       0.00000      -3.98000      -3.98000
    48    48.00000       4.00000       4.00000       4.00000      0.000000  0.000000e+00  0.000000e+00      0.000000      0.000000      0.000000      0.000000      0.000000      0.000000       1.62165      0.500000       5.00000       4.00000 -0.000000e+00      0.00000       0.00000      -3.98000      -3.98000
    49    49.00000       4.00000       4.00000       4.00000      0.000000  0.000000e+00  0.000000e+00      0.000000      0.000000      0.000000      0.000000      0.000000      0.000000       1.25366      0.500000       5.00000       4.00000 -0.000000e+00      0.00000       0.00000      -3.98000      -3.98000
    50    50.00000       4.00000       4.00000       4.00000      0.000000  0.000000e+00  0.000000e+00      0.000000      0.000000      0.000000      0.000000      0.000000      0.000000       0.96969      0.500000       5.00000       4.00000 -0.000000e+00      0.00000       0.00000      -3.98000      -3.98000
    51    51.00000       4.00000       4.00000       4.00000      0.000000  0.000000e+00  0.000000e+00      0.000000      0.000000      0.000000      0.000000      0.000000      0.000000       5.90000      0.500000       5.00000       4.00000 -0.000000e+00      0.00000       0.00000      -3.98000      -3.98000
    52    52.00000       4.00000       4.00000       4.00000      0.000000  0.000000e+00  0.000000e+00      0.000000      0.000000      0.000000      0.000000      0.000000      0.000000       4.55513      0.500000       5.00000       4.00000 -0.000000e+00      0.00000       0.00000      -3.98000      -3.98000
    53    53.00000       4.00000       4.00000       4.00000      0.000000  0.000000e+00  0.000000e+00      0.000000      0.000000      0.000000      0.000000      0.000000      0.000000       3.51733      0.500000       5.00000       4.00000 -0.000000e+00      0.00000       0.00000      -3.98000      -3.98000
    54    54.00000       4.00000       4.00000       4.00000      0.000000  0.000000e+00  0.000000e+00      0.000000      0.000000      0.000000      0.000000      0.000000      0.000000       2.71650      0.500000       5.00000       4.00000 -0.000000e+00      0.00000       0.00000      -3.98000      -3.98000
    55    55.00000       4.00000       4.00000       4.00000      0.000000  0.000000e+00  0.000000e+00      0.000000      0.000000      0.000000      0.000000      0.000000      0.000000       2.09852      0.500000       5.00000       4.00000 -0.000000e+00      0.00000       0.00000      -3.98000      -3.98000
    56    56.00000       4.00000       4.00000       4.00000      0.000000  0.000000e+00  0.000000e+00      0.000000      0.000000      0.000000      0.000000      0.000000      0.000000       1.62165      0.500000       5.00000       4.00000 -0.000000e+00      0.00000       0.00000      -3.98000      -3.98000
    57    57.00000       4.00000       4.00000       4.00000      0.000000  0.000000e+00  0.000000e+00      0.000000      0.000000      0.000000      0.000000      0.000000      0.000000       1.25366      0.500000       5.00000       4.00000 -0.000000e+00      0.00000       0.00000      -3.98000      -3.98000
    58    58.00000       4.00000       4.00000       4.00000      0.000000  0.000000e+00  0.000000e+00      0.000000      0.000000      0.000000      0.000000      0.000000      0.000000       0.96969      0.500000       5.00000       4.00000 -0.000000e+00      0.00000       0.00000      -3.98000      -3.98000
    59    59.00000       4.00000       4.00000       4.00000      0.000000  0.000000e+00  0.000000e+00      0.000000      0.000000      0.000000      0.000000      0.000000      0.000000       5.90000      0.500000       5.00000       4.00000 -0.000000e+00      0.00000       0.00000      -3.98000      -3.98000
    60    60.00000       4.00000       4.00000       4.00000      0.000000  0.000000e+00  0.000000e+00      0.000000      0.000000      0.000000      0.000000      0.000000      0.000000       4.55513      0.500000       5.00000       4.00000 -0.000000e+00      0.00000       0.00000      -3.98000      -3.98000
    61    61.00000       4.00000       4.00000       4.00000      0.000000  0.000000e+00  0.000000e+00      0.000000      0.000000      0.000000      0.000000      0.000000      0.000000       3.51733      0.500000       5.00000       4.00000 -0.000000e+00      0.00000       0.00000      -3.98000      -3.98000
    62    62.00000       4.00000       4.00000       4.00000      0.000000  0.000000e+00  0.000000e+00      0.000000      0.000000      0.000000      0.000000      0.000000      0.000000       2.71650      0.500000       5.00000       4.00000 -0.000000e+00      0.00000       0.00000      -3.98000      -3.98000
    63    63.00000       4.00000       4.00000       4.00000      0.000000  0.000000e+00  0.000000e+00      0.000000      0.000000      0.000000      0.000000      0.000000      0.000000       2.09852      0.500000       5.00000       4.00000 -0.000000e+00      0.00000       0.00000      -3.98000      -3.98000
    64    64.00000       4.00000       4.00000       4.00000      0.000000  0.000000e+00  0.000000e+00      0.000000      0.000000      0.000000      0.000000      0.000000      0.000000       1.62165      0.500000       5.00000       4.00000 -0.000000e+00      0.00000       0.00000      -3.98000      -3.98000
    65    65.00000       4.00000       4.00000       4.00000      0.000000  0.000000e+00  0.000000e+00      0.000000      0.000000      0.000000      0.000000      0.000000      0.000000       1.25366      0.500000       5.00000       4.00000 -0.000000e+00      0.00000       0.00000      -3.98000      -3.98000
    66    66.00000       4.00000       4.00000       4.00000      0.000000  0.000000e+00  0.000000e+00      0.000000      0.000000      0.000000      0.000000      0.000000      0.000000       0.96969      0.500000       5.00000       4.00000 -0.000000e+00      0.00000       0.00000      -3.98000      -3.98000
    67    67.00000       4.00000       4.00000       4.00000      0.000000  0.000000e+00  0.000000e+00      0.000000      0.000000      0.000000      0.000000      0.000000      0.000000       5.90000      0.500000       5.00000       4.00000 -0.000000e+00      0.00000       0.00000      -3.98000      -3.98000
    68    68.00000       4.00000       4.00000       4.00000      0.000000  0.000000e+00  0.000000e+00      0.000000      0.000000      0.000000      0.000000      0.000000      0.000000       4.55513      0.500000       5.00000       4.00000 -0.000000e+00      0.00000       0.00000      -3.98000      -3.98000
    69    69.00000       4.00000       4.00000       4.00000      0.000000  0.000000e+00  0.000000e+00      0.000000      0.000000      0.000000      0.000000      0.000000      0.000000       3.51733      0.500000       5.00000       4.00000 -0.000000e+00      0.00000       0.00000      -3.98000      -3.98000
    70    70.00000       4.00000       4.00000       4.00000      0.000000  0.000000e+00  0.000000e+00      0.000000      0.000000      0.000000      0.000000      0.000000      0.000000       2.71650      0.500000       5.00000       4.00000 -0.000000e+00      0.00000       0.00000      -3.98000      -3.98000
    71    71.00000       4.00000       4.00000       4.00000      0.000000  0.000000e+00  0.000000e+00      0.000000      0.000000      0.000000      0.000000      0.000000      0.000000       2.09852      0.500000       5.00000       4.00000 -0.000000e+00      0.00000       0.00000      -3.98000      -3.98000
    72    72.00000       4.00000       4.00000       4.00000      0.000000  0.000000e+00  0.000000e+00      0.000000      0.000000      0.000000      0.000000      0.000000      0.000000       1.62165      0.500000       5.00000       4.00000 -0.000000e+00      0.00000       0.00000      -3.98000      -3.98000
    73    73.00000       4.00000       4.00000       4.00000      0.000000  0.000000e+00  0.000000e+00      0.000000      0.000000      0.000000      0.000000      0.000000      0.000000       1.25366      0.500000       5.00000       4.00000 -0.000000e+00      0.00000       0.00000      -3.98000      -3.98000
    74    74.00000       4.00000       4.00000       4.00000      0.000000  0.000000e+00  0.000000e+00      0.000000      0.000000      0.000000      0.000000      0.000000      0.000000       0.96969      0.500000       5.00000       4.00000 -0.000000e+00      0.00000       0.00000      -3.98000      -3.98000
    75    75.00000       4.00000       4.00000       4.00000      0.000000  0.000000e+00  0.000000e+00      0.000000      0.000000      0.000000      0.000000      0.000000      0.000000       5.90000      0.500000       5.00000       4.00000 -0.000000e+00      0.00000       0.00000      -3.98000      -3.98000
    76    76.00000       4.00000       4.00000       4.00000      0.000000  0.000000e+00  0.000000e+00      0.000000      0.000000      0.000000      0.000000      0.000000      0.000000       4.55513      0.500000       5.00000       4.00000 -0.000000e+00      0.00000       0.00000      -3.98000      -3.98000
    77    77.00000       4.00000       4.00000       4.00000      0.000000  0.000000e+00  0.000000e+00      0.000000      0.000000      0.000000      0.000000      0.000000      0.000000       3.51733      0.500000       5.00000       4.00000 -0.000000e+00      0.00000       0.00000      -3.98000      -3.98000
    78    78.00000       4.00000       4.00000       4.00000      0.000000  0.000000e+00  0.000000e+00      0.000000      0.000000      0.000000      0.000000      0.000000      0.000000       2.71650      0.500000       5.00000       4.00000 -0.000000e+00      0.00000       0.00000      -3.98000      -3.98000
    79    79.00000       4.00000       4.00000       4.00000      0.000000  0.000000e+00  0.000000e+00      0.000000      0.000000      0.000000      0.000000      0.000000      0.000000       2.09852      0.500000       5.00000       4.00000 -0.000000e+00      0.00000       0.00000      -3.98000      -3.98000
    80    80.00000       4.00000       4.00000       4.00000      0.000000  0.000000e+00  0.000000e+00      0.000000      0.000000      0.000000      0.000000      0.000000      0.000000       1.62165      0.500000       5.00000       4.00000 -0.000000e+00      0.00000       0.00000      -3.98000      -3.98000
    81    81.00000       4.00000       4.00000       4.00000      0.000000  0.000000e+00  0.000000e+00      0.000000      0.000000      0.000000      0.000000      0.000000      0.000000       1.25366      0.500000       5.00000       4.00000 -0.000000e+00      0.00000       0.00000      -3.98000      -3.98000
    82    82.00000       4.00000       4.00000       4.00000      0.000000  0.000000e+00  0.000000e+00      0.000000      0.000000      0.000000      0.000000      0.000000      0.000000       0.96969      0.500000       5.00000       4.00000 -0.000000e+00      0.00000       0.00000      -3.98000      -3.98000
    83    83.00000       4.00000       4.00000       4.00000      0.000000  0.000000e+00  0.000000e+00      0.000000      0.000000      0.000000      0.000000      0.000000      0.000000       5.90000      0.500000       5.00000       4.00000 -0.000000e+00      0.00000       0.00000      -3.98000      -3.98000
    84    84.00000       4.00000       4.00000       4.00000      0.000000  0.000000e+00  0.000000e+00      0.000000      0.000000      0.000000      0.000000      0.000000      0.000000       4.55513      0.500000       5.00000       4.00000 -0.000000e+00      0.00000       0.00000      -3.98000      -3.98000
    85    85.00000       4.00000       4.00000       4.00000      0.000000  0.000000e+00  0.000000e+00      0.000000      0.000000      0.000000      0.000000      0.000000      0.000000       3.51733      0.500000       5.00000       4.00000 -0.000000e+00      0.00000       0.00000      -3.98000      -3.98000
    86    86.00000       4.00000       4.00000       4.00000      0.000000  0.000000e+00  0.000000e+00      0.000000      0.000000      0.000000      0.000000      0.000000      0.000000       2.71650      0.500000       5.00000       4.00000 -0.000000e+00      0.00000       0.00000      -3.98000      -3.98000
    87    87.00000       4.00000       4.00000       4.00000      0.000000  0.000000e+00  0.000000e+00      0.000000      0.000000      0.000000      0.000000      0.000000      0.000000       2.09852      0.500000       5.00000       4.00000 -0.000000e+00      0.00000       0.00000      -3.98000      -3.98000
    88    88.00000       4.00000       4.00000       4.00000      0.000000  0.000000e+00  0.000000e+00      0.000000      0.000000      0.000000      0.000000      0.000000      0.000000       1.62165      0.500000       5.00000       4.00000 -0.000000e+00      0.00000       0.00000      -3.98000      -3.98000
    89    89.00000       4.00000       4.00000       4.00000      0.000000  0.000000e+00  0.000000e+00      0.000000      0.000000      0.000000      0.000000      0.000000      0.000000       1.25366      0.500000       5.00000       4.00000 -0.000000e+00      0.00000       0.00000      -3.98000      -3.98000
    90    90.00000       4.00000       4.00000       4.00000      0.000000  0.000000e+00  0.000000e+00      0.000000      0.000000      0.000000      0.000000      0.000000      0.000000       0.96969      0.500000       5.00000       4.00000 -0.000000e+00      0.00000       0.00000      -3.98000      -3.98000
    91    91.00000       4.00000       4.00000       4.00000      0.000000  0.000000e+00  0.000000e+00      0.000000      0.000000      0.000000      0.000000      0.000000      0.000000       5.90000      0.500000       5.00000       4.00000 -0.000000e+00      0.00000       0.00000      -3.98000      -3.98000
    92    92.00000       4.00000       4.00000       4.00000      0.000000  0.000000e+00  0.000000e+00      0.000000      0.000000      0.000000      0.000000      0.000000      0.000000       4.55513      0.500000       5.00000       4.00000 -0.000000e+00      0.00000       0.00000      -3.98000      -3.98000
    93    93.00000       4.00000       4.00000       4.00000      0.000000  0.000000e+00  0.000000e+00      0.000000      0.000000      0.000000      0.000000      0.000000      0.000000       3.51733      0.500000       5.00000       4.00000 -0.000000e+00      0.00000       0.00000      -3.98000      -3.98000
    94    94.00000       4.00000       4.00000       4.00000      0.000000  0.000000e+00  0.000000e+00      0.000000      0.000000      0.000000      0.000000      0.000000      0.000000       2.71650      0.500000       5.00000       4.00000 -0.000000e+00      0.00000       0.00000      -3.98000      -3.98000
    95    95.00000       4.00000       4.00000       4.00000      0.000000  0.000000e+00  0.000000e+00      0.000000      0.000000      0.000000      0.000000      0.000000      0.000000       2.09852      0.500000       5.00000       4.00000 -0.000000e+00      0.00000       0.00000      -3.98000      -3.98000
    96    96.00000       4.00000       4.00000       4.00000      0.000000  0.000000e+00  0.000000e+00      0.000000      0.000000      0.000000      0.000000      0.000000      0.000000       1.62165      0.500000       5.00000       4.00000 -0.000000e+00      0.00000       0.00000      -3.98000      -3.98000
    97    97.00000       4.00000       4.00000       4.00000      0.000000  0.000000e+00  0.000000e+00      0.000000      0.000000      0.000000      0.000000      0.000000      0.000000       1.25366      0.500000       5.00000       4.00000 -0.000000e+00      0.00000       0.00000      -3.98000      -3.98000
    98    98.00000       4.00000       4.00000       4.00000      0.000000  0.000000e+00  0.000000e+00      0.000000      0.000000      0.000000      0.000000      0.000000      0.000000       0.96969      0.500000       5.00000       4.00000 -0.000000e+00      0.00000       0.00000      -3.98000      -3.98000
    99    99.00000       4.00000       4.00000       4.00000      0.000000  0.000000e+00  0.000000e+00      0.000000      0.000000      0.000000      0.000000      0.000000      0.000000       5.90000      0.500000       5.00000       4.00000 -0.000000e+00      0.00000       0.00000      -3.98000      -3.98000
   100   100.00000       4.00000       4.00000       4.00000      0.000000  0.000000e+00  0.000000e+00      0.000000      0.000000      0.000000      0.000000      0.000000      0.000000       4.55513      0.500000       5.00000       4.00000 -0.000000e+00      0.00000       0.00000      -3.98000      -3.98000
   101   101.00000       4.00000       4.00000       4.00000      0.000000  0.000000e+00  0.000000e+00      0.000000      0.000000      0.000000      0.000000      0.000000      0.000000       3.51733      0.500000       5.00000       4.00000 -0.000000e+00      0.00000       0.00000      -3.98000      -3.98000
   102   102.00000       4.00000       4.00000       4.00000      0.000000  0.000000e+00  0.000000e+00      0.000000      0.000000      0.000000      0.000000      0.000000      0.000000       2.71650      0.500000       5.00000       4.00000 -0.000000e+00      0.00000       0.00000      -3.98000      -3.98000
   103   103.00000       4.00000       4.00000       4.00000      0.000000  0.000000e+00  0.000000e+00      0.000000      0.000000      0.000000      0.000000      0.000000      0.000000       2.09852      0.500000       5.00000       4.00000 -0.000000e+00      0.00000       0.00000      -3.98000      -3.98000
   104   104.00000       4.00000       4.00000       4.00000      0.000000  0.000000e+00  0.000000e+00      0.000000      0.000000      0.000000      0.000000      0.000000      0.000000       1.62165      0.500000       5.00000       4.00000 -0.000000e+00      0.00000       0.00000      -3.98000      -3.98000
   105   105.00000       4.00000       4.00000       4.00000      0.000000  0.000000e+00  0.000000e+00      0.000000      0.000000      0.000000      0.000000      0.000000      0.000000       1.25366      0.500000       5.00000       4.00000 -0.000000e+00      0.00000       0.00000      -3.98000      -3.98000
   106   106.00000       4.00000       4.00000       4.00000      0.000000  0.000000e+00  0.000000e+00      0.000000      0.000000      0.000000      0.000000      0.000000      0.000000       0.96969      0.500000       5.00000       4.00000 -0.000000e+00      0.00000       0.00000      -3.98000      -3.98000
   107   107.00000       4.00000       4.00000       4.00000      0.000000  0.000000e+00  0.000000e+00      0.000000      0.000000      0.000000      0.000000      0.000000      0.000000       5.90000      0.500000       5.00000       4.00000 -0.000000e+00      0.00000       0.00000      -3.98000      -3.98000
   108   108.00000       4.00000       4.00000       4.00000      0.000000  0.000000e+00  0.000000e+00      0.000000      0.000000      0.000000      0.000000      0.000000      0.000000       4.55513      0.500000       5.00000       4.00000 -0.000000e+00      0.00000       0.00000      -3.98000      -3.98000
   109   109.00000       4.00000       4.00000       4.00000      0.000000  0.000000e+00  0.000000e+00      0.000000      0.000000      0.000000      0.000000      0.000000      0.000000       3.51733      0.500000       5.00000       4.00000 -0.000000e+00      0.00000       0.00000      -3.98000      -3.98000
   110   110.00000       4.00000       4.00000       4.00000      0.000000  0.000000e+00  0.000000e+00      0.000000      0.000000      0.000000      0.000000      0.000000      0.000000       2.71650      0.500000       5.00000       4.00000 -0.000000e+00      0.00000       0.00000      -3.98000      -3.98000
   111   111.00000       4.00000       4.00000       4.00000      0.000000  0.000000e+00  0.000000e+00      0.000000      0.000000      0.000000      0.000000      0.000000      0.000000       2.09852      0.500000       5.00000       4.00000 -0.000000e+00      0.00000       0.00000      -3.98000      -3.98000
   112   112.00000       4.00000       4.00000       4.00000      0.000000  0.000000e+00  0.000000e+00      0.000000      0.000000      0.000000      0.000000      0.000000      0.000000       1.62165      0.500000       5.00000       4.00000 -0.000000e+00      0.00000       0.00000      -3.98000      -3.98000
   113   113.00000       4.00000       4.00000       4.00000      0.000000  0.000000e+00  0.000000e+00      0.000000      0.000000      0.000000      0.000000      0.000000      0.000000       1.25366      0.500000       5.00000       4.00000 -0.000000e+00      0.00000       0.00000      -3.98000      -3.98000
   114   114.00000       4.00000       4.00000       4.00000      0.000000  0.000000e+00  0.000000e+00      0.000000      0.000000      0.000000      0.000000      0.000000      0.000000       0.96969      0.500000       5.00000       4.00000 -0.000000e+00      0.00000       0.00000      -3.98000      -3.98000
   115   115.00000       4.00000       4.00000       4.00000      0.000000  0.000000e+00  0.000000e+00      0.000000      0.000000      0.000000      0.000000      0.000000      0.000000       5.90000      0.500000       5.00000       4.00000 -0.000000e+00      0.00000       0.00000      -3.98000      -3.98000
   116   116.00000       4.00000       4.00000       4.00000      0.000000  0.000000e+00  0.000000e+00      0.000000      0.000000      0.000000      0.000000      0.000000      0.000000       4.55513      0.500000       5.00000       4.00000 -0.000000e+00      0.00000       0.00000      -3.98000      -3.98000
   117   117.00000       4.00000       4.00000       4.00000      0.000000  0.000000e+00  0.000000e+00      0.000000      0.000000      0.000000      0.000000      0.000000      0.000000       3.51733      0.500000       5.00000       4.00000 -0.000000e+00      0.00000       0.00000      -3.98000      -3.98000
   118   118.00000       4.00000       4.00000       4.00000      0.000000  0.000000e+00  0.000000e+00      0.000000      0.000000      0.000000      0.000000      0.000000      0.000000       2.71650      0.500000       5.00000       4.00000 -0.000000e+00      0.00000       0.00000      -3.98000      -3.98000
   119   119.00000       4.00000       4.00000       4.00000      0.000000  0.000000e+00  0.000000e+00      0.000000      0.000000      0.000000      0.000000      0.000000      0.000000       2.09852      0.500000       5.00000       4.00000 -0.000000e+00      0.00000       0.00000      -3.98000      -3.98000
   120   120.00000       4.00000       4.00000       4.00000      0.000000  0.000000e+00  0.000000e+00      0.000000      0.000000      0.000000      0.000000      0.000000      0.000000       1.62165      0.500000       5.00000       4.00000 -0.000000e+00      0.00000       0.00000      -3.98000      -3.98000
   121   121.00000       4.00000       4.00000       4.00000      0.000000  0.000000e+00  0.000000e+00      0.000000      0.000000      0.000000      0.000000      0.000000      0.000000       1.25366      0.500000       5.00000       4.00000 -0.000000e+00      0.00000       0.00000      -3.98000      -3.98000
   122   122.00000       4.00000       4.00000       4.00000      0.000000  0.000000e+00  0.000000e+00      0.000000      0.000000      0.000000      0.000000      0.000000      0.000000       0.96969      0.500000       5.00000       4.00000 -0.000000e+00      0.00000       0.00000      -3.98000      -3.98000
   123   123.00000       4.00000       4.00000       4.00000      0.000000  0.000000e+00  0.000000e+00      0.000000      0.000000      0.000000      0.000000      0.000000      0.000000       5.90000      0.500000       5.00000       4.00000 -0.000000e+00      0.00000       0.00000      -3.98000      -3.98000
   124   124.00000       4.00000       4.00000       4.00000      0.000000  0.000000e+00  0.000000e+00      0.000000      0.000000      0.000000      0.000000      0.000000      0.000000       4.55513      0.500000       5.00000       4.00000 -0.000000e+00      0.00000       0.00000      -3.98000      -3.98000
   125   125.00000       4.00000       4.00000       4.00000      0.000000  0.000000e+00  0.000000e+00      0.000000      0.000000      0.000000      0.000000      0.000000      0.000000       3.51733      0.500000       5.00000       4.00000 -0.000000e+00      0.00000       0.00000      -3.98000      -3.98000
   126   126.00000       4.00000       4.00000       4.00000      0.000000  0.000000e+00  0.000000e+00      0.000000      0.000000      0.000000      0.000000      0.000000      0.000000       2.71650      0.500000       5.00000       4.00000 -0.000000e+00      0.00000       0.00000      -3.98000      -3.98000
   127   127.00000       4.00000       4.00000       4.00000      0.000000  0.000000e+00  0.000000e+00      0.000000      0.000000      0.000000      0.000000      0.000000      0.000000       2.09852      0.500000       5.00000       4.00000 -0.000000e+00      0.00000       0.00000      -3.98000      -3.98000
   128   128.00000       4.00000       4.00000       4.00000      0.000000  0.000000e+00  0.000000e+00      0.000000      0.000000      0.000000      0.000000      0.000000      0.000000       1.62165      0.500000       5.00000       4.00000 -0.000000e+00      0.00000       0.00000      -3.98000      -3.98000
   129   129.00000       4.00000       4.00000       4.00000      0.000000  0.000000e+00  0.000000e+00      0.000000      0.000000      0.000000      0.000000      0.000000      0.000000       1.25366      0.500000       5.00000       4.00000 -0.000000e+00      0.00000       0.00000      -3.98000      -3.98000
   130   130.00000       4.00000       4.00000       4.00000      0.000000  0.000000e+00  0.000000e+00      0.000000      0.000000      0.000000      0.000000      0.000000      0.000000       0.96969      0.500000       5.00000       4.00000 -0.000000e+00      0.00000       0.00000      -3.98000      -3.98000
   131   131.00000       4.00000       4.00000       4.00000      0.000000  0.000000e+00  0.000000e+00      0.000000      0.000000      0.000000      0.000000      0.000000      0.000000       5.90000      0.500000       5.00000       4.00000 -0.000000e+00      0.00000       0.00000      -3.98000      -3.98000
   132   132.00000       4.00000       4.00000       4.00000      0.000000  0.000000e+00  0.000000e+00      0.000000      0.000000      0.000000      0.000000      0.000000      0.000000       4.55513      0.500000       5.00000       4.00000 -0.000000e+00      0.00000       0.00000      -3.98000      -3.98000
   133   133.00000       4.00000       4.00000       4.00000      0.000000  0.000000e+00  0.000000e+00      0.000000      0.000000      0.000000      0.000000      0.000000      0.000000       3.51733      0.500000       5.00000       4.00000 -0.000000e+00      0.00000       0.00000      -3.98000      -3.98000
   134   134.00000       4.00000       4.00000       4.00000      0.000000  0.000000e+00  0.000000e+00      0.000000      0.000000      0.000000      0.000000      0.000000      0.000000       2.71650      0.500000       5.00000       4.00000 -0.000000e+00      0.00000       0.00000      -3.98000      -3.98000
   135   135.00000       4.00000       4.00000       4.00000      0.000000  0.000000e+00  0.000000e+00      0.000000      0.000000      0.000000      0.000000      0.000000      0.000000       2.09852      0.500000       5.00000       4.00000 -0.000000e+00      0.00000       0.00000      -3.98000      -3.98000
   136   136.00000       4.00000       4.00000       4.00000      0.000000  0.000000e+00  0.000000e+00      0.000000      0.000000      0.000000      0.000000      0.000000      0.000000       1.62165      0.500000       5.00000       4.00000 -0.000000e+00      0.00000       0.00000      -3.98000      -3.98000
   137   137.00000       4.00000       4.00000       4.00000      0.000000  0.000000e+00  0.000000e+00      0.000000      0.000000      0.000000      0.000000      0.000000      0.000000       1.25366      0.500000       5.00000       4.00000 -0.000000e+00      0.00000       0.00000      -3.98000      -3.98000
   138   138.00000       4.00000       4.00000       4.00000      0.000000  0.000000e+00  0.000000e+00      0.000000      0.000000      0.000000      0.000000      0.000000      0.000000       0.96969      0.500000       5.00000       4.00000 -0.000000e+00      0.00000       0.00000      -3.98000      -3.98000
   139   139.00000       4.00000       4.00000       4.00000      0.000000  0.000000e+00  0.000000e+00      0.000000      0.000000      0.000000      0.000000      0.000000      0.000000       5.90000      0.500000       5.00000       4.00000 -0.000000e+00      0.00000       0.00000      -3.98000      -3.98000
   140   140.00000       4.00000       4.00000       4.00000      0.000000  0.000000e+00  0.000000e+00      0.000000      0.000000      0.000000      0.000000      0.000000      0.000000       4.55513      0.500000       5.00000       4.00000 -0.000000e+00      0.00000       0.00000      -3.98000      -3.98000
   141   141.00000       4.00000       4.00000       4.00000      0.000000  0.000000e+00  0.000000e+00      0.000000      0.000000      0.000000      0.000000      0.000000      0.000000       3.51733      0.500000       5.00000       4.00000 -0.000000e+00      0.00000       0.00000      -3.98000      -3.98000
   142   142.00000       4.00000       4.00000       4.00000      0.000000  0.000000e+00  0.000000e+00      0.000000      0.000000      0.000000      0.000000      0.000000      0.000000       2.71650      0.500000       5.00000       4.00000 -0.000000e+00      0.00000       0.00000      -3.98000      -3.98000
   143   143.00000       4.00000       4.00000       4.00000      0.000000  0.000000e+00  0.000000e+00      0.000000      0.000000      0.000000      0.000000      0.000000      0.000000       2.09852      0.500000       5.00000       4.00000 -0.000000e+00      0.00000       0.00000      -3.98000      -3.98000
   144   144.00000       4.00000       4.00000       4.00000      0.000000  0.000000e+00  0.000000e+00      0.000000      0.000000      0.000000      0.000000      0.000000      0.000000       1.62165      0.500000       5.00000       4.00000 -0.000000e+00      0.00000       0.00000      -3.98000      -3.98000
   145   145.00000       4.00000       4.00000       4.00000      0.000000  0.000000e+00  0.000000e+00      0.000000      0.000000      0.000000      0.000000      0.000000      0.000000       1.25366      0.500000       5.00000       4.00000 -0.000000e+00      0.00000       0.00000      -3.98000      -3.98000
   146   146.00000       4.00000       4.00000       4.00000      0.000000  0.000000e+00  0.000000e+00      0.000000      0.000000      0.000000      0.000000      0.000000      0.000000       0.96969      0.500000       5.00000       4.00000 -0.000000e+00      0.00000       0.00000      -3.98000      -3.98000
   147   147.00000       4.00000       4.00000       4.00000      0.000000  0.000000e+00  0.000000e+00      0.000000      0.000000      0.000000      0.000000      0.000000      0.000000       5.90000      0.500000       5.00000       4.00000 -0.000000e+00      0.00000       0.00000      -3.98000      -3.98000
   148   148.00000       4.00000       4.00000       4.00000      0.000000  0.000000e+00  0.000000e+00      0.000000      0.000000      0.000000      0.000000      0.000000      0.000000       4.55513      0.500000       5.00000       4.00000 -0.000000e+00      0.00000       0.00000      -3.98000      -3.98000
   149   149.00000       4.00000       4.00000       4.00000      0.000000  0.000000e+00  0.000000e+00      0.000000      0.000000      0.000000      0.000000      0.000000      0.000000       3.51733      0.500000       5.00000       4.00000 -0.000000e+00      0.00000       0.00000      -3.98000      -3.98000
   150   150.00000       4.00000       4.00000       4.00000      0.000000  0.000000e+00  0.000000e+00      0.000000      0.000000      0.000000      0.000000      0.000000      0.000000       2.71650      0.500000       5.00000       4.00000 -0.000000e+00      0.00000       0.00000      -3.98000      -3.98000
   151   151.00000       4.00000       4.00000       4.00000      0.000000  0.000000e+00  0.000000e+00      0.000000      0.000000      0.000000      0.000000      0.000000      0.000000       2.09852      0.500000       5.00000       4.00000 -0.000000e+00      0.00000       0.00000      -3.98000      -3.98000
   152   152.00000       4.00000       4.00000       4.00000      0.000000  0.000000e+00  0.000000e+00      0.000000      0.000000      0.000000      0.000000      0.000000      0.000000       1.62165      0.500000       5.00000       4.00000 -0.000000e+00      0.00000       0.00000      -3.98000      -3.98000
   153   153.00000       4.00000       4.00000       4.00000      0.000000  0.000000e+00  0.000000e+00      0.000000      0.000000      0.000000      0.000000      0.000000      0.000000       1.25366      0.500000       5.00000       4.00000 -0.000000e+00      0.00000       0.00000      -3.98000      -3.98000
   154   154.00000       4.00000       4.00000       4.00000      0.000000  0.000000e+00  0.000000e+00      0.000000      0.000000      0.000000      0.000000      0.000000      0.000000       0.96969      0.500000       5.00000       4.00000 -0.000000e+00      0.00000       0.00000      -3.98000      -3.98000
   155   155.00000       4.00000       4.00000       4.00000      0.000000  0.000000e+00  0.000000e+00      0.000000      0.000000      0.000000      0.000000      0.000000      0.000000       5.90000      0.500000       5.00000       4.00000 -0.000000e+00      0.00000       0.00000      -3.98000      -3.98000
   156   156.00000       4.00000       4.00000       4.00000      0.000000  0.000000e+00  0.000000e+00      0.000000      0.000000      0.000000      0.000000      0.000000      0.000000       4.55513      0.500000       5.00000       4.00000 -0.000000e+00      0.00000       0.00000      -3.98000      -3.98000
   157   157.00000       4.00000       4.00000       4.00000      0.000000  0.000000e+00  0.000000e+00      0.000000      0.000000      0.000000      0.000000      0.000000      0.000000       3.51733      0.500000       5.00000       4.00000 -0.000000e+00      0.00000       0.00000      -3.98000      -3.98000
   158   158.00000       4.00000       4.00000       4.00000      0.000000  0.000000e+00  0.000000e+00      0.000000      0.000000      0.000000      0.000000      0.000000      0.000000       2.71650      0.500000       5.00000       4.00000 -0.000000e+00      0.00000       0.00000      -3.98000      -3.98000
   159   159.00000       4.00000       4.00000       4.00000      0.000000  0.000000e+00  0.000000e+00      0.000000      0.000000      0.000000      0.000000      0.000000      0.000000       2.09852      0.500000       5.00000       4.00000 -0.000000e+00      0.00000       0.00000      -3.98000      -3.98000
   160   160.00000       4.00000       4.00000       4.00000      0.000000  0.000000e+00  0.000000e+00      0.000000      0.000000      0.000000      0.000000      0.000000      0.000000       1.62165      0.500000       5.00000       4.00000 -0.000000e+00      0.00000       0.00000      -3.98000      -3.98000
   161   161.00000       4.00000       4.00000       4.00000      0.000000  0.000000e+00  0.000000e+00      0.000000      0.000000      0.000000      0.000000      0.000000      0.000000       1.25366      0.500000       5.00000       4.00000 -0.000000e+00      0.00000       0.00000      -3.98000      -3.98000
   162   162.00000       4.00000       4.00000       4.00000      0.000000  0.000000e+00  0.000000e+00      0.000000      0.000000      0.000000      0.000000      0.000000      0.000000       0.96969      0.500000       5.00000       4.00000 -0.000000e+00      0.00000       0.00000      -3.98000      -3.98000
   163   163.00000       4.00000       4.00000       4.00000      0.000000  0.000000e+00  0.000000e+00      0.000000      0.000000      0.000000      0.000000      0.000000      0.000000       5.90000      0.500000       5.00000       4.00000 -0.000000e+00      0.00000       0.00000      -3.98000      -3.98000
   164   164.00000       4.00000       4.00000       4.00000      0.000000  0.000000e+00  0.000000e+00      0.000000      0.000000      0.000000      0.000000      0.000000      0.000000       4.55513      0.500000       5.00000       4.00000 -0.000000e+00      0.00000       0.00000      -3.98000      -3.98000
   165   165.00000       4.00000       4.00000       4.00000      0.000000  0.000000e+00  0.000000e+00      0.000000      0.000000      0.000000      0.000000      0.000000      0.000000       3.51733      0.500000       5.00000       4.00000 -0.000000e+00      0.00000       0.00000      -3.98000      -3.98000
   166   166.00000       4.00000       4.00000       4.00000      0.000000  0.000000e+00  0.000000e+00      0.000000      0.000000      0.000000      0.000000      0.000000      0.000000       2.71650      0.500000       5.00000       4.00000 -0.000000e+00      0.00000       0.00000      -3.98000      -3.98000
   167   167.00000       4.00000       4.00000       4.00000      0.000000  0.000000e+00  0.000000e+00      0.000000      0.000000      0.000000      0.000000      0.000000      0.000000       2.09852      0.500000       5.00000       4.00000 -0.000000e+00      0.00000       0.00000      -3.98000      -3.98000
   168   168.00000       4.00000       4.00000       4.00000      0.000000  0.000000e+00  0.000000e+00      0.000000      0.000000      0.000000      0.000000      0.000000      0.000000       1.62165      0.500000       5.00000       4.00000 -0.000000e+00      0.00000       0.00000      -3.98000      -3.98000
   169   169.00000       4.00000       4.00000       4.00000      0.000000  0.000000e+00  0.000000e+00      0.000000      0.000000      0.000000      0.000000      0.000000      0.000000       1.25366      0.500000       5.00000       4.00000 -0.000000e+00      0.00000       0.00000      -3.98000      -3.98000
   170   170.00000       4.00000       4.00000       4.00000      0.000000  0.000000e+00  0.000000e+00      0.000000      0.000000      0.000000      0.000000      0.000000      0.000000       0.96969      0.500000       5.00000       4.00000 -0.000000e+00      0.00000       0.00000      -3.98000      -3.98000
   171   171.00000       4.00000       4.00000       4.00000      0.000000  0.000000e+00  0.000000e+00      0.000000      0.000000      0.000000      0.000000      0.000000      0.000000       5.90000      0.500000       5.00000       4.00000 -0.000000e+00      0.00000       0.00000      -3.98000      -3.98000
   172   172.00000       4.00000       4.00000       4.00000      0.000000  0.000000e+00  0.000000e+00      0.000000      0.000000      0.000000      0.000000      0.000000      0.000000       4.55513      0.500000       5.00000       4.00000 -0.000000e+00      0.00000       0.00000      -3.98000      -3.98000
   173   173.00000       4.00000       4.00000       4.00000      0.000000  0.000000e+00  0.000000e+00      0.000000      0.000000      0.000000      0.000000      0.000000      0.000000       3.51733      0.500000       5.00000       4.00000 -0.000000e+00      0.00000       0.00000      -3.98000      -3.98000
   174   174.00000       4.00000       4.00000       4.00000      0.000000  0.000000e+00  0.000000e+00      0.000000      0.000000      0.000000      0.000000      0.000000      0.000000       2.71650      0.500000       5.00000       4.00000 -0.000000e+00      0.00000       0.00000      -3.98000      -3.98000
   175   175.00000       4.00000       4.00000       4.00000      0.000000  0.000000e+00  0.000000e+00      0.000000      0.000000      0.000000      0.000000      0.000000      0.000000       2.09852      0.500000       5.00000       4.00000 -0.000000e+00      0.00000       0.00000      -3.98000      -3.98000
   176   176.00000       4.00000       4.00000       4.00000      0.000000  0.000000e+00  0.000000e+00      0.000000      0.000000      0.000000      0.000000      0.000000      0.000000       1.62165      0.500000       5.00000       4.00000 -0.000000e+00      0.00000       0.00000      -3.98000      -3.98000
   177   177.00000       4.00000       4.00000       4.00000      0.000000  0.000000e+00  0.000000e+00      0.000000      0.000000      0.000000      0.000000      0.000000      0.000000       1.25366      0.500000       5.00000       4.00000 -0.000000e+00      0.00000       0.00000      -3.98000      -3.98000
   178   178.00000       4.00000       4.00000       4.00000      0.000000  0.000000e+00  0.000000e+00      0.000000      0.000000      0.000000      0.000000      0.000000      0.000000       0.96969      0.500000       5.00000       4.00000 -0.000000e+00      0.00000       0.00000      -3.98000      -3.98000
   179   179.00000       4.00000       4.00000       4.00000      0.000000  0.000000e+00  0.000000e+00      0.000000      0.000000      0.000000      0.000000      0.000000      0.000000       5.90000      0.500000       5.00000       4.00000 -0.000000e+00      0.00000       0.00000      -3.98000      -3.98000
   180   180.00000       4.00000       4.00000       4.00000      0.000000  0.000000e+00  0.000000e+00      0.000000      0.000000      0.000000      0.000000      0.000000      0.000000       4.55513      0.500000       5.00000       4.00000 -0.000000e+00      0.00000       0.00000      -3.98000      -3.98000
   181   181.00000       4.00000       4.00000       4.00000      0.000000  0.000000e+00  0.000000e+00      0.000000      0.000000      0.000000      0.000000      0.000000      0.000000       3.51733      0.500000       5.00000       4.00000 -0.000000e+00      0.00000       0.00000      -3.98000      -3.98000
   182   182.00000       4.00000       4.00000       4.00000      0.000000  0.000000e+00  0.000000e+00      0.000000      0.000000      0.000000      0.000000      0.000000      0.000000       2.71650      0.500000       5.00000       4.00000 -0.000000e+00      0.00000       0.00000      -3.98000      -3.98000
   183   183.00000       4.00000       4.00000       4.00000      0.000000  0.000000e+00  0.000000e+00      0.000000      0.000000      0.000000      0.000000      0.000000      0.000000       2.09852      0.500000       5.00000       4.00000 -0.000000e+00      0.00000       0.00000      -3.98000      -3.98000
   184   184.00000       4.00000       4.00000       4.00000      0.000000  0.000000e+00  0.000000e+00      0.000000      0.000000      0.000000      0.000000      0.000000      0.000000       1.62165      0.500000       5.00000       4.00000 -0.000000e+00      0.00000       0.00000      -3.98000      -3.98000
   185   185.00000       4.00000       4.00000       4.00000      0.000000  0.000000e+00  0.000000e+00      0.000000      0.000000      0.000000      0.000000      0.000000      0.000000       1.25366      0.500000       5.00000       4.00000 -0.000000e+00      0.00000       0.00000      -3.98000      -3.98000
   186   186.00000       4.00000       4.00000       4.00000      0.000000  0.000000e+00  0.000000e+00      0.000000      0.000000      0.000000      0.000000      0.000000      0.000000       0.96969      0.500000       5.00000       4.00000 -0.000000e+00      0.00000       0.00000      -3.98000      -3.98000
   187   187.00000       4.00000       4.00000       4.00000      0.000000  0.000000e+00  0.000000e+00      0.000000      0.000000      0.000000      0.000000      0.000000      0.000000       5.90000      0.500000       5.00000       4.00000 -0.000000e+00      0.00000       0.00000      -3.98000      -3.98000
   188   188.00000       4.00000       4.00000       4.00000      0.000000  0.000000e+00  0.000000e+00      0.000000      0.000000      0.000000      0.000000      0.000000      0.000000       4.55513      0.500000       5.00000       4.00000 -0.000000e+00      0.00000       0.00000      -3.98000      -3.98000
   189   189.00000       4.00000       4.00000       4.00000      0.000000  0.000000e+00  0.000000e+00      0.000000      0.000000      0.000000      0.000000      0.000000      0.000000       3.51733      0.500000       5.00000       4.00000 -0.000000e+00      0.00000       0.00000      -3.98000      -3.98000
   190   190.00000       4.00000       4.00000       4.00000      0.000000  0.000000e+00  0.000000e+00      0.000000      0.000000      0.000000      0.000000      0.000000      0.000000       2.71650      0.500000       5.00000       4.00000 -0.000000e+00      0.00000       0.00000      -3.98000      -3.98000
   191   191.00000       4.00000       4.00000       4.00000      0.000000  0.000000e+00  0.000000e+00      0.000000      0.000000      0.000000      0.000000      0.000000      0.000000       2.09852      0.500000       5.00000       4.00000 -0.000000e+00      0.00000       0.00000      -3.98000      -3.98000
   192   192.00000       4.00000       4.00000       4.00000      0.000000  0.000000e+00  0.000000e+00      0.000000      0.000000      0.000000      0.000000      0.000000      0.000000       1.62165      0.500000       5.00000       4.00000 -0.000000e+00      0.00000       0.00000      -3.98000      -3.98000
   193   193.00000       4.00000       4.00000       4.00000      0.000000  0.000000e+00  0.000000e+00      0.000000      0.000000      0.000000      0.000000      0.000000      0.000000       1.25366      0.500000       5.00000       4.00000 -0.000000e+00      0.00000       0.00000      -3.98000      -3.98000
   194   194.00000       4.00000       4.00000       4.00000      0.000000  0.000000e+00  0.000000e+00      0.000000      0.000000      0.000000      0.000000      0.000000      0.000000       0.96969      0.500000       5.00000       4.00000 -0.000000e+00      0.00000       0.00000      -3.98000      -3.98000
   195   195.00000       4.00000       4.00000       4.00000      0.000000  0.000000e+00  0.000000e+00      0.000000      0.000000      0.000000      0.000000      0.000000      0.000000       5.90000      0.500000       5.00000       4.00000 -0.000000e+00      0.00000       0.00000      -3.98000      -3.98000
   196   196.00000       4.00000       4.00000       4.00000      0.000000  0.000000e+00  0.000000e+00      0.000000      0.000000      0.000000      0.000000      0.000000      0.000000       4.55513      0.500000       5.00000       4.00000 -0.000000e+00      0.00000       0.00000      -3.98000      -3.98000
   197   197.00000       4.00000       4.00000       4.00000      0.000000  0.000000e+00  0.000000e+00      0.000000      0.000000      0.000000      0.000000      0.000000      0.000000       3.51733      0.500000       5.00000       4.00000 -0.000000e+00      0.00000       0.00000      -3.98000      -3.98000
   198   198.00000       4.00000       4.00000       4.00000      0.000000  0.000000e+00  0.000000e+00      0.000000      0.000000      0.000000      0.000000      0.000000      0.000000       2.71650      0.500000       5.00000       4.00000 -0.000000e+00      0.00000       0.00000      -3.98000      -3.98000
   199   199.00000       4.00000       4.00000       4.00000      0.000000  0.000000e+00  0.000000e+00      0.000000      0.000000      0.000000      0.000000      0.000000      0.000000       2.09852      0.500000       5.00000       4.00000 -0.000000e+00      0.00000       0.00000      -3.98000      -3.98000
   200   200.00000       4.00000       4.00000       4.00000      0.000000  0.000000e+00  0.000000e+00      0.000000      0.000000      0.000000      0.000000      0.000000      0.000000       1.62165      0.500000       5.00000       4.00000 -0.000000e+00      0.00000       0.00000      -3.98000      -3.98000
   201   201.00000       4.00000       4.00000       4.00000      0.000000  0.000000e+00  0.000000e+00      0.000000      0.000000      0.000000      0.000000      0.000000      0.000000       1.25366      0.500000       5.00000       4.00000 -0.000000e+00      0.00000       0.00000      -3.98000      -3.98000
   202   202.00000       4.00000       4.00000       4.00000      0.000000  0.000000e+00  0.000000e+00      0.000000      0.000000      0.000000      0.000000      0.000000      0.000000       0.96969      0.500000       5.00000       4.00000 -0.000000e+00      0.00000       0.00000      -3.98000      -3.98000
   203   203.00000       4.00000       4.00000       4.00000      0.000000  0.000000e+00  0.000000e+00      0.000000      0.000000      0.000000      0.000000      0.000000      0.000000       5.90000      0.500000       5.00000       4.00000 -0.000000e+00      0.00000       0.00000      -3.98000      -3.98000
   204   204.00000       4.00000       4.00000       4.00000      0.000000  0.000000e+00  0.000000e+00      0.000000      0.000000      0.000000      0.000000      0.000000      0.000000       4.55513      0.500000       5.00000       4.00000 -0.000000e+00      0.00000       0.00000      -3.98000      -3.98000
   205   205.00000       4.00000       4.00000       4.00000      0.000000  0.000000e+00  0.000000e+00      0.000000      0.000000      0.000000      0.000000      0.000000      0.000000       3.51733      0.500000       5.00000       4.00000 -0.000000e+00      0.00000       0.00000      -3.98000      -3.98000
   206   206.00000       4.00000       4.00000       4.00000      0.000000  0.000000e+00  0.000000e+00      0.000000      0.000000      0.000000      0.000000      0.000000      0.000000       2.71650      0.500000       5.00000       4.00000 -0.000000e+00      0.00000       0.00000      -3.98000      -3.98000
   207   207.00000       4.00000       4.00000       4.00000      0.000000  0.000000e+00  0.000000e+00      0.000000      0.000000      0.000000      0.000000      0.000000      0.000000       2.09852      0.500000       5.00000       4.00000 -0.000000e+00      0.00000       0.00000      -3.98000      -3.98000
   208   208.00000       4.00000       4.00000       4.00000      0.000000  0.000000e+00  0.000000e+00      0.000000      0.000000      0.000000      0.000000      0.000000      0.000000       1.62165      0.500000       5.00000       4.00000 -0.000000e+00      0.00000       0.00000      -3.98000      -3.98000
   209   209.00000       4.00000       4.00000       4.00000      0.000000  0.000000e+00  0.000000e+00      0.000000      0.000000      0.000000      0.000000      0.000000      0.000000       1.25366      0.500000       5.00000       4.00000 -0.000000e+00      0.00000       0.00000      -3.98000      -3.98000
   210   210.00000       4.00000       4.00000       4.00000      0.000000  0.000000e+00  0.000000e+00      0.000000      0.000000      0.000000      0.000000      0.000000      0.000000       0.96969      0.500000       5.00000       4.00000 -0.000000e+00      0.00000       0.00000      -3.98000      -3.98000
   211   211.00000       4.00000       4.00000       4.00000      0.000000  0.000000e+00  0.000000e+00      0.000000      0.000000      0.000000      0.000000      0.000000      0.000000       5.90000      0.500000       5.00000       4.00000 -0.000000e+00      0.00000       0.00000      -3.98000      -3.98000
   212   212.00000       4.00000       4.00000       4.00000      0.000000  0.000000e+00  0.000000e+00      0.000000      0.000000      0.000000      0.000000      0.000000      0.000000       4.55513      0.500000       5.00000       4.00000 -0.000000e+00      0.00000       0.00000      -3.98000      -3.98000
   213   213.00000       4.00000       4.00000       4.00000      0.000000  0.000000e+00  0.000000e+00      0.000000      0.000000      0.000000      0.000000      0.000000      0.000000       3.51733      0.500000       5.00000       4.00000 -0.000000e+00      0.00000       0.00000      -3.98000      -3.98000
   214   214.00000       4.00000       4.00000       4.00000      0.000000  0.000000e+00  0.000000e+00      0.000000      0.000000      0.000000      0.000000      0.000000      0.000000       2.71650      0.500000       5.00000       4.00000 -0.000000e+00      0.00000       0.00000      -3.98000      -3.98000
   215   215.00000       4.00000       4.00000       4.00000      0.000000  0.000000e+00  0.000000e+00      0.000000      0.000000      0.000000      0.000000      0.000000      0.000000       2.09852      0.500000       5.00000       4.00000 -0.000000e+00      0.00000       0.00000      -3.98000      -3.98000
   216   216.00000       4.00000       4.00000       4.00000      0.000000  0.000000e+00  0.000000e+00      0.000000      0.000000      0.000000      0.000000      0.000000      0.000000       1.62165      0.500000       5.00000       4.00000 -0.000000e+00      0.00000       0.00000      -3.98000      -3.98000
   217   217.00000       4.00000       4.00000       4.00000      0.000000  0.000000e+00  0.000000e+00      0.000000      0.000000      0.000000      0.000000      0.000000      0.000000       1.25366      0.500000       5.00000       4.00000 -0.000000e+00      0.00000       0.00000      -3.98000      -3.98000
   218   218.00000       4.00000       4.00000       4.00000      0.000000  0.000000e+00  0.000000e+00      0.000000      0.000000      0.000000      0.000000      0.000000      0.000000       0.96969      0.500000       5.00000       4.00000 -0.000000e+00      0.00000       0.00000      -3.98000      -3.98000
   219   219.00000       4.00000       4.00000       4.00000      0.000000  0.000000e+00  0.000000e+00      0.000000      0.000000      0.000000      0.000000      0.000000      0.000000       5.90000      0.500000       5.00000       4.00000 -0.000000e+00      0.00000       0.00000      -3.98000      -3.98000
   220   220.00000       4.00000       4.00000       4.00000      0.000000  0.000000e+00  0.000000e+00      0.000000      0.000000      0.000000      0.000000      0.000000      0.000000       4.55513      0.500000       5.00000       4.00000 -0.000000e+00      0.00000       0.00000      -3.98000      -3.98000
   221   221.00000       4.00000       4.00000       4.00000      0.000000  0.000000e+00  0.000000e+00      0.000000      0.000000      0.000000      0.000000      0.000000      0.000000       3.51733      0.500000       5.00000       4.00000 -0.000000e+00      0.00000       0.00000      -3.98000      -3.98000
   222   222.00000       4.00000       4.00000       4.00000      0.000000  0.000000e+00  0.000000e+00      0.000000      0.000000      0.000000      0.000000      0.000000      0.000000       2.71650      0.500000       5.00000       4.00000 -0.000000e+00      0.00000       0.00000      -3.98000      -3.98000
   223   223.00000       4.00000       4.00000       4.00000      0.000000  0.000000e+00  0.000000e+00      0.000000      0.000000      0.000000      0.000000      0.000000      0.000000       2.09852      0.500000       5.00000       4.00000 -0.000000e+00      0.00000       0.00000      -3.98000      -3.98000
   224   224.00000       4.00000       4.00000       4.00000      0.000000  0.000000e+00  0.000000e+00      0.000000      0.000000      0.000000      0.000000      0.000000      0.000000       1.62165      0.500000       5.00000       4.00000 -0.000000e+00      0.00000       0.00000      -3.98000      -3.98000
   225   225.00000       4.00000       4.00000       4.00000      0.000000  0.000000e+00  0.000000e+00      0.000000      0.000000      0.000000      0.000000      0.000000      0.000000       1.25366      0.500000       5.00000       4.00000 -0.000000e+00      0.00000       0.00000      -3.98000      -3.98000
   226   226.00000       4.00000       4.00000       4.00000      0.000000  0.000000e+00  0.000000e+00      0.000000      0.000000      0.000000      0.000000      0.000000      0.000000       0.96969      0.500000       5.00000       4.00000 -0.000000e+00      0.00000       0.00000      -3.98000      -3.98000
   227   227.00000       4.00000       4.00000       4.00000      0.000000  0.000000e+00  0.000000e+00      0.000000      0.000000      0.000000      0.000000      0.000000      0.000000       5.90000      0.500000       5.00000       4.00000 -0.000000e+00      0.00000       0.00000      -3.98000      -3.98000
   228   228.00000       4.00000       4.00000       4.00000      0.000000  0.000000e+00  0.000000e+00      0.000000      0.000000      0.000000      0.000000      0.000000      0.000000       4.55513      0.500000       5.00000       4.00000 -0.000000e+00      0.00000       0.00000      -3.98000      -3.98000
   229   229.00000       4.00000       4.00000       4.00000      0.000000  0.000000e+00  0.000000e+00      0.000000      0.000000      0.000000      0.000000      0.000000      0.000000       3.51733      0.500000       5.00000       4.00000 -0.000000e+00      0.00000       0.00000      -3.98000      -3.98000
   230   230.00000       4.00000       4.00000       4.00000      0.000000  0.000000e+00  0.000000e+00      0.000000      0.000000      0.000000      0.000000      0.000000      0.000000       2.71650      0.500000       5.00000       4.00000 -0.000000e+00      0.00000       0.00000      -3.98000      -3.98000
   231   231.00000       4.00000       4.00000       4.00000      0.000000  0.000000e+00  0.000000e+00      0.000000      0.000000      0.000000      0.000000      0.000000      0.000000       2.09852      0.500000       5.00000       4.00000 -0.000000e+00      0.00000       0.00000      -3.98000      -3.98000
   232   232.00000       4.00000       4.00000       4.00000      0.000000  0.000000e+00  0.000000e+00      0.000000      0.000000      0.000000      0.000000      0.000000      0.000000       1.62165      0.500000       5.00000       4.00000 -0.000000e+00      0.00000       0.00000      -3.98000      -3.98000
   233   233.00000       4.00000       4.00000       4.00000      0.000000  0.000000e+00  0.000000e+00      0.000000      0.000000      0.000000      0.000000      0.000000      0.000000       1.25366      0.500000       5.00000       4.00000 -0.000000e+00      0.00000       0.00000      -3.98000      -3.98000
   234   234.00000       4.00000       4.00000       4.00000      0.000000  0.000000e+00  0.000000e+00      0.000000      0.000000      0.000000      0.000000      0.000000      0.000000       0.96969      0.500000       5.00000       4.00000 -0.000000e+00      0.00000       0.00000      -3.98000      -3.98000
   235   235.00000       4.00000       4.00000       4.00000      0.000000  0.000000e+00  0.000000e+00      0.000000      0.000000      0.000000      0.000000      0.000000      0.000000       5.90000      0.500000       5.00000       4.00000 -0.000000e+00      0.00000       0.00000      -3.98000      -3.98000
   236   236.00000       4.00000       4.00000       4.00000      0.000000  0.000000e+00  0.000000e+00      0.000000      0.000000      0.000000      0.000000      0.000000      0.000000       4.55513      0.500000       5.00000       4.00000 -0.000000e+00      0.00000       0.00000      -3.98000      -3.98000
   237   237.00000       4.00000       4.00000       4.00000      0.000000  0.000000e+00  0.000000e+00      0.000000      0.000000      0.000000      0.000000      0.000000      0.000000       3.51733      0.500000       5.00000       4.00000 -0.000000e+00      0.00000       0.00000      -3.98000      -3.98000
   238   238.00000       4.00000       4.00000       4.00000      0.000000  0.000000e+00  0.000000e+00      0.000000      0.000000      0.000000      0.000000      0.000000      0.000000       2.71650      0.500000       5.00000       4.00000 -0.000000e+00      0.00000       0.00000      -3.98000      -3.98000
   239   239.00000       4.00000       4.00000       4.00000      0.000000  0.000000e+00  0.000000e+00      0.000000      0.000000      0.000000      0.000000      0.000000      0.000000       2.09852      0.500000       5.00000       4.00000 -0.000000e+00      0.00000       0.00000      -3.98000      -3.98000
   240   240.00000       4.00000       4.00000       4.00000      0.000000  0.000000e+00  0.000000e+00      0.000000      0.000000      0.000000      0.000000      0.000000      0.000000       1.62165      0.500000       5.00000       4.00000 -0.000000e+00      0.00000       0.00000      -3.98000      -3.98000
   241   241.00000       4.00000       4.00000       4.00000      0.000000  0.000000e+00  0.000000e+00      0.000000      0.000000      0.000000      0.000000      0.000000      0.000000       1.25366      0.500000       5.00000       4.00000 -0.000000e+00      0.00000       0.00000      -3.98000      -3.98000
   242   242.00000       4.00000       4.00000       4.00000      0.000000  0.000000e+00  0.000000e+00      0.000000      0.000000      0.000000      0.000000      0.000000      0.000000       0.96969      0.500000       5.00000       4.00000 -0.000000e+00      0.00000       0.00000      -3.98000      -3.98000
   243   243.00000       4.00000       4.00000       4.00000      0.000000  0.000000e+00  0.000000e+00      0.000000      0.000000      0.000000      0.000000      0.000000      0.000000       5.90000      0.500000       5.00000       4.00000 -0.000000e+00      0.00000       0.00000      -3.98000      -3.98000
   244   244.00000       4.00000       4.00000       4.00000      0.000000  0.000000e+00  0.000000e+00      0.000000      0.000000      0.000000      0.000000      0.000000      0.000000       4.55513      0.500000       5.00000       4.00000 -0.000000e+00      0.00000       0.00000      -3.98000      -3.98000
   245   245.00000       4.00000       4.00000       4.00000      0.000000  0.000000e+00  0.000000e+00      0.000000      0.000000      0.000000      0.000000      0.000000      0.000000       3.51733      0.500000       5.00000       4.00000 -0.000000e+00      0.00000       0.00000      -3.98000      -3.98000
   246   246.00000       4.00000       4.00000       4.00000      0.000000  0.000000e+00  0.000000e+00      0.000000      0.000000      0.000000      0.000000      0.000000      0.000000       2.71650      0.500000       5.00000       4.00000 -0.000000e+00      0.00000       0.00000      -3.98000      -3.98000
   247   247.00000       4.00000       4.00000       4.00000      0.000000  0.000000e+00  0.000000e+00      0.000000      0.000000      0.000000      0.000000      0.000000      0.000000       2.09852      0.500000       5.00000       4.00000 -0.000000e+00      0.00000       0.00000      -3.98000      -3.98000
   248   248.00000       4.00000       4.00000       4.00000      0.000000  0.000000e+00  0.000000e+00      0.000000      0.000000      0.000000      0.000000      0.000000      0.000000       1.62165      0.500000       5.00000       4.00000 -0.000000e+00      0.00000       0.00000      -3.98000      -3.98000
   249   249.00000       4.00000       4.00000       4.00000      0.000000  0.000000e+00  0.000000e+00      0.000000      0.000000      0.000000      0.000000      0.000000      0.000000       1.25366      0.500000       5.00000       4.00000 -0.000000e+00      0.00000       0.00000      -3.98000      -3.98000
   250   250.00000       4.00000       4.00000       4.00000      0.000000  0.000000e+00  0.000000e+00      0.000000      0.000000      0.000000      0.000000      0.000000      0.000000       0.96969      0.500000       5.00000       4.00000 -0.000000e+00      0.00000       0.00000      -3.98000      -3.98000
   251   251.00000       4.00000       4.00000       4.00000      0.000000  0.000000e+00  0.000000e+00      0.000000      0.000000      0.000000      0.000000      0.000000      0.000000       5.90000      0.500000       5.00000       4.00000 -0.000000e+00      0.00000       0.00000      -3.98000      -3.98000
   252   252.00000       4.00000       4.00000       4.00000      0.000000  0.000000e+00  0.000000e+00      0.000000      0.000000      0.000000      0.000000      0.000000      0.000000       4.55513      0.500000       5.00000       4.00000 -0.000000e+00      0.00000       0.00000      -3.98000      -3.98000
   253   253.00000       4.00000       4.00000       4.00000      0.000000  0.000000e+00  0.000000e+00      0.000000      0.000000      0.000000      0.000000      0.000000      0.000000       3.51733      0.500000       5.00000       4.00000 -0.000000e+00      0.00000       0.00000      -3.98000      -3.98000
   254   254.00000       4.00000       4.00000       4.00000      0.000000  0.000000e+00  0.000000e+00      0.000000      0.000000      0.000000      0.000000      0.000000      0.000000       2.71650      0.500000       5.00000       4.00000 -0.000000e+00      0.00000       0.00000      -3.98000      -3.98000
   255   255.00000       4.00000       4.00000       4.00000      0.000000  0.000000e+00  0.000000e+00      0.000000      0.000000      0.000000      0.000000      0.000000      0.000000       2.09852      0.500000       5.00000       4.00000 -0.000000e+00      0.00000       0.00000      -3.98000      -3.98000
   256   256.00000       4.00000       4.00000       4.00000      0.000000  0.000000e+00  0.000000e+00      0.000000      0.000000      0.000000      0.000000      0.000000      0.000000       1.62165      0.500000       5.00000       4.00000 -0.000000e+00      0.00000       0.00000      -3.98000      -3.98000
   257   257.00000       4.00000       4.00000       4.00000      0.000000  0.000000e+00  0.000000e+00      0.000000      0.000000      0.000000      0.000000      0.000000      0.000000       1.25366      0.500000       5.00000       4.00000 -0.000000e+00      0.00000       0.00000      -3.98000      -3.98000
   258   258.00000       4.00000       4.00000       4.00000      0.000000  0.000000e+00  0.000000e+00      0.000000      0.000000      0.000000      0.000000      0.000000      0.000000       0.96969      0.500000       5.00000       4.00000 -0.000000e+00      0.00000       0.00000      -3.98000      -3.98000
   259   259.00000       4.00000       4.00000       4.00000      0.000000  0.000000e+00  0.000000e+00      0.000000      0.000000      0.000000      0.000000      0.000000      0.000000       5.90000      0.500000       5.00000       4.00000 -0.000000e+00      0.00000       0.00000      -3.98000      -3.98000
   260   260.00000       4.00000       4.00000       4.00000      0.000000  0.000000e+00  0.000000e+00      0.000000      0.000000      0.000000      0.000000      0.000000      0.000000       4.55513      0.500000       5.00000       4.00000 -0.000000e+00      0.00000       0.00000      -3.98000      -3.98000
   261   261.00000       4.00000       4.00000       4.00000      0.000000  0.000000e+00  0.000000e+00      0.000000      0.000000      0.000000      0.000000      0.000000      0.000000       3.51733      0.500000       5.00000       4.00000 -0.000000e+00      0.00000       0.00000      -3.98000      -3.98000
   262   262.00000       4.00000       4.00000       4.00000      0.000000  0.000000e+00  0.000000e+00      0.000000      0.000000      0.000000      0.000000      0.000000      0.000000       2.71650      0.500000       5.00000       4.00000 -0.000000e+00      0.00000       0.00000      -3.98000      -3.98000
   263   263.00000       4.00000       4.00000       4.00000      0.000000  0.000000e+00  0.000000e+00      0.000000      0.000000      0.000000      0.000000      0.000000      0.000000       2.09852      0.500000       5.00000       4.00000 -0.000000e+00      0.00000       0.00000      -3.98000      -3.98000
   264   264.00000       4.00000       4.00000       4.00000      0.000000  0.000000e+00  0.000000e+00      0.000000      0.000000      0.000000      0.000000      0.000000      0.000000       1.62165      0.500000       5.00000       4.00000 -0.000000e+00      0.00000       0.00000      -3.98000      -3.98000
   265   265.00000       4.00000       4.00000       4.00000      0.000000  0.000000e+00  0.000000e+00      0.000000      0.000000      0.000000      0.000000      0.000000      0.000000       1.25366      0.500000       5.00000       4.00000 -0.000000e+00      0.00000       0.00000      -3.98000      -3.98000
   266   266.00000       4.00000       4.00000       4.00000      0.000000  0.000000e+00  0.000000e+00      0.000000      0.000000      0.000000      0.000000      0.000000      0.000000       0.96969      0.500000       5.00000       4.00000 -0.000000e+00      0.00000       0.00000      -3.98000      -3.98000
   267   267.00000       4.00000       4.00000       4.00000      0.000000  0.000000e+00  0.000000e+00      0.000000      0.000000      0.000000      0.000000      0.000000      0.000000       5.90000      0.500000       5.00000       4.00000 -0.000000e+00      0.00000       0.00000      -3.98000      -3.98000
   268   268.00000       4.00000       4.00000       4.00000      0.000000  0.000000e+00  0.000000e+00      0.000000      0.000000      0.000000      0.000000      0.000000      0.000000       4.55513      0.500000       5.00000       4.00000 -0.000000e+00      0.00000       0.00000      -3.98000      -3.98000
   269   269.00000       4.00000       4.00000       4.00000      0.000000  0.000000e+00  0.000000e+00      0.000000      0.000000      0.000000      0.000000      0.000000      0.000000       3.51733      0.500000       5.00000       4.00000 -0.000000e+00      0.00000       0.00000      -3.98000      -3.98000
   270   270.00000       4.00000       4.00000       4.00000      0.000000  0.000000e+00  0.000000e+00      0.000000      0.000000      0.000000      0.000000      0.000000      0.000000       2.71650      0.500000       5.00000       4.00000 -0.000000e+00      0.00000       0.00000      -3.98000      -3.98000
   271   271.00000       4.00000       4.00000       4.00000      0.000000  0.000000e+00  0.000000e+00      0.000000      0.000000      0.000000      0.000000      0.000000      0.000000       2.09852      0.500000       5.00000       4.00000 -0.000000e+00      0.00000       0.00000      -3.98000      -3.98000
   272   272.00000       4.00000       4.00000       4.00000      0.000000  0.000000e+00  0.000000e+00      0.000000      0.000000      0.000000      0.000000      0.000000      0.000000       1.62165      0.500000       5.00000       4.00000 -0.000000e+00      0.00000       0.00000      -3.98000      -3.98000
   273   273.00000       4.00000       4.00000       4.00000      0.000000  0.000000e+00  0.000000e+00      0.000000      0.000000      0.000000      0.000000      0.000000      0.000000       1.25366      0.500000       5.00000       4.00000 -0.000000e+00      0.00000       0.00000      -3.98000      -3.98000
   274   274.00000       4.00000       4.00000       4.00000      0.000000  0.000000e+00  0.000000e+00      0.000000      0.000000      0.000000      0.000000      0.000000      0.000000       0.96969      0.500000       5.00000       4.00000 -0.000000e+00      0.00000       0.00000      -3.98000      -3.98000
   275   275.00000       4.00000       4.00000       4.00000      0.000000  0.000000e+00  0.000000e+00      0.000000      0.000000      0.000000      0.000000      0.000000      0.000000       5.90000      0.500000       5.00000       4.00000 -0.000000e+00      0.00000       0.00000      -3.98000      -3.98000
   276   276.00000       4.00000       4.00000       4.00000      0.000000  0.000000e+00  0.000000e+00      0.000000      0.000000      0.000000      0.000000      0.000000      0.000000       4.55513      0.500000       5.00000       4.00000 -0.000000e+00      0.00000       0.00000      -3.98000      -3.98000
   277   277.00000       4.00000       4.00000       4.00000      0.000000  0.000000e+00  0.000000e+00      0.000000      0.000000      0.000000      0.000000      0.000000      0.000000       3.51733      0.500000       5.00000       4.00000 -0.000000e+00      0.00000       0.00000      -3.98000      -3.98000
   278   278.00000       4.00000       4.00000       4.00000      0.000000  0.000000e+00  0.000000e+00      0.000000      0.000000      0.000000      0.000000      0.000000      0.000000       2.71650      0.500000       5.00000       4.00000 -0.000000e+00      0.00000       0.00000      -3.98000      -3.98000
   279   279.00000       4.00000       4.00000       4.00000      0.000000  0.000000e+00  0.000000e+00      0.000000      0.000000      0.000000      0.000000      0.000000      0.000000       2.09852      0.500000       5.00000       4.00000 -0.000000e+00      0.00000       0.00000      -3.98000      -3.98000
   280   280.00000       4.00000       4.00000       4.00000      0.000000  0.000000e+00  0.000000e+00      0.000000      0.000000      0.000000      0.000000      0.000000      0.000000       1.62165      0.500000       5.00000       4.00000 -0.000000e+00      0.00000       0.00000      -3.98000      -3.98000
   281   281.00000       4.00000       4.00000       4.00000      0.000000  0.000000e+00  0.000000e+00      0.000000      0.000000      0.000000      0.000000      0.000000      0.000000       1.25366      0.500000       5.00000       4.00000 -0.000000e+00      0.00000       0.00000      -3.98000      -3.98000
   282   282.00000       4.00000       4.00000       4.00000      0.000000  0.000000e+00  0.000000e+00      0.000000      0.000000      0.000000      0.000000      0.000000      0.000000       0.96969      0.500000       5.00000       4.00000 -0.000000e+00      0.00000       0.00000      -3.98000      -3.98000
   283   283.00000       4.00000       4.00000       4.00000      0.000000  0.000000e+00  0.000000e+00      0.000000      0.000000      0.000000      0.000000      0.000000      0.000000       5.90000      0.500000       5.00000       4.00000 -0.000000e+00      0.00000       0.00000      -3.98000      -3.98000
   284   284.00000       4.00000       4.00000       4.00000      0.000000  0.000000e+00  0.000000e+00      0.000000      0.000000      0.000000      0.000000      0.000000      0.000000       4.55513      0.500000       5.00000       4.00000 -0.000000e+00      0.00000       0.00000      -3.98000      -3.98000
   285   285.00000       4.00000       4.00000       4.00000      0.000000  0.000000e+00  0.000000e+00      0.000000      0.000000      0.000000      0.000000      0.000000      0.000000       3.51733      0.500000       5.00000       4.00000 -0.000000e+00      0.00000       0.00000      -3.98000      -3.98000
   286   286.00000       4.00000       4.00000       4.00000      0.000000  0.000000e+00  0.000000e+00      0.000000      0.000000      0.000000      0.000000      0.000000      0.000000       2.71650      0.500000       5.00000       4.00000 -0.000000e+00      0.00000       0.00000      -3.98000      -3.98000
   287   287.00000       4.00000       4.00000       4.00000      0.000000  0.000000e+00  0.000000e+00      0.000000      0.000000      0.000000      0.000000      0.000000      0.000000       2.09852      0.500000       5.00000       4.00000 -0.000000e+00      0.00000       0.00000      -3.98000      -3.98000
   288   288.00000       4.00000       4.00000       4.00000      0.000000  0.000000e+00  0.000000e+00      0.000000      0.000000      0.000000      0.000000      0.000000      0.000000       1.62165      0.500000       5.00000       4.00000 -0.000000e+00      0.00000       0.00000      -3.98000      -3.98000
   289   289.00000       4.00000       4.00000       4.00000      0.000000  0.000000e+00  0.000000e+00      0.000000      0.000000      0.000000      0.000000      0.000000      0.000000       1.25366      0.500000       5.00000       4.00000 -0.000000e+00      0.00000       0.00000      -3.98000      -3.98000
   290   290.00000       4.00000       4.00000       4.00000      0.000000  0.000000e+00  0.000000e+00      0.000000      0.000000      0.000000      0.000000      0.000000      0.000000       0.96969      0.500000       5.00000       4.00000 -0.000000e+00      0.00000       0.00000      -3.98000      -3.98000
   291   291.00000       4.00000       4.00000       4.00000      0.000000  0.000000e+00  0.000000e+00      0.000000      0.000000      0.000000      0.000000      0.000000      0.000000       5.90000      0.500000       5.00000       4.00000 -0.000000e+00      0.00000       0.00000      -3.98000      -3.98000
   292   292.00000       4.00000       4.00000       4.00000      0.000000  0.000000e+00  0.000000e+00      0.000000      0.000000      0.000000      0.000000      0.000000      0.000000       4.55513      0.500000       5.00000       4.00000 -0.000000e+00      0.00000       0.00000      -3.98000      -3.98000
   293   293.00000       4.00000       4.00000       4.00000      0.000000  0.000000e+00  0.000000e+00      0.000000      0.000000      0.000000      0.000000      0.000000      0.000000       3.51733      0.500000       5.00000       4.00000 -0.000000e+00      0.00000       0.00000      -3.98000      -3.98000
   294   294.00000       4.00000       4.00000       4.00000      0.000000  0.000000e+00  0.000000e+00      0.000000      0.000000      0.000000      0.000000      0.000000      0.000000       2.71650      0.500000       5.00000       4.00000 -0.000000e+00      0.00000       0.00000      -3.98000      -3.98000
   295   295.00000       4.00000       4.00000       4.00000      0.000000  0.000000e+00  0.000000e+00      0.000000      0.000000      0.000000      0.000000      0.000000      0.000000       2.09852      0.500000       5.00000       4.00000 -0.000000e+00      0.00000       0.00000      -3.98000      -3.98000
   296   296.00000       4.00000       4.00000       4.00000      0.000000  0.000000e+00  0.000000e+00      0.000000      0.000000      0.000000      0.000000      0.000000      0.000000       1.62165      0.500000       5.00000       4.00000 -0.000000e+00      0.00000       0.00000      -3.98000      -3.98000
   297   297.00000       4.00000       4.00000       4.00000      0.000000  0.000000e+00  0.000000e+00      0.000000      0.000000      0.000000      0.000000      0.000000      0.000000       1.25366      0.500000       5.00000       4.00000 -0.000000e+00      0.00000       0.00000      -3.98000      -3.98000
   298   298.00000       4.00000       4.00000       4.00000      0.000000  0.000000e+00  0.000000e+00      0.000000      0.000000      0.000000      0.000000      0.000000      0.000000       0.96969      0.500000       5.00000       4.00000 -0.000000e+00      0.00000       0.00000      -3.98000      -3.98000
   299   299.00000       4.00000       4.00000       4.00000      0.000000  0.000000e+00  0.000000e+00      0.000000      0.000000      0.000000      0.000000      0.000000      0.000000       5.90000      0.500000       5.00000       4.00000 -0.000000e+00      0.00000       0.00000      -3.98000      -3.98000
   300   300.00000       4.00000       4.00000       4.00000      0.000000  0.000000e+00  0.000000e+00      0.000000      0.000000      0.000000      0.000000      0.000000      0.000000       4.55513      0.500000       5.00000       4.00000 -0.000000e+00      0.00000       0.00000      -3.98000      -3.98000
   301   301.00000       4.00000       4.00000       4.00000      0.000000  0.000000e+00  0.000000e+00      0.000000      0.000000      0.000000      0.000000      0.000000      0.000000       3.51733      0.500000       5.00000       4.00000 -0.000000e+00      0.00000       0.00000      -3.98000      -3.98000
   302   302.00000       4.00000       4.00000       4.00000      0.000000  0.000000e+00  0.000000e+00      0.000000      0.000000      0.000000      0.000000      0.000000      0.000000       2.71650      0.500000       5.00000       4.00000 -0.000000e+00      0.00000       0.00000      -3.98000      -3.98000
   303   303.00000       4.00000       4.00000       4.00000      0.000000  0.000000e+00  0.000000e+00      0.000000      0.000000      0.000000      0.000000      0.000000      0.000000       2.09852      0.500000       5.00000       4.00000 -0.000000e+00      0.00000       0.00000      -3.98000      -3.98000
   304   304.00000       4.00000       4.00000       4.00000      0.000000  0.000000e+00  0.000000e+00      0.000000      0.000000      0.000000      0.000000      0.000000      0.000000       1.62165      0.500000       5.00000       4.00000 -0.000000e+00      0.00000       0.00000      -3.98000      -3.98000
   305   305.00000       4.00000       4.00000       4.00000      0.000000  0.000000e+00  0.000000e+00      0.000000      0.000000      0.000000      0.000000      0.000000      0.000000       1.25366      0.500000       5.00000       4.00000 -0.000000e+00      0.00000       0.00000      -3.98000      -3.98000
   306   306.00000       4.00000       4.00000       4.00000      0.000000  0.000000e+00  0.000000e+00      0.000000      0.000000      0.000000      0.000000      0.000000      0.000000       0.96969      0.500000       5.00000       4.00000 -0.000000e+00      0.00000       0.00000      -3.98000      -3.98000
   307   307.00000       4.00000       4.00000       4.00000      0.000000  0.000000e+00  0.000000e+00      0.000000      0.000000      0.000000      0.000000      0.000000      0.000000       5.90000      0.500000       5.00000       4.00000 -0.000000e+00      0.00000       0.00000      -3.98000      -3.98000
   308   308.00000       4.00000       4.00000       4.00000      0.000000  0.000000e+00  0.000000e+00      0.000000      0.000000      0.000000      0.000000      0.000000      0.000000       4.55513      0.500000       5.00000       4.00000 -0.000000e+00      0.00000       0.00000      -3.98000      -3.98000
   309   309.00000       4.00000       4.00000       4.00000      0.000000  0.000000e+00  0.000000e+00      0.000000      0.000000      0.000000      0.000000      0.000000      0.000000       3.51733      0.500000       5.00000       4.00000 -0.000000e+00      0.00000       0.00000      -3.98000      -3.98000
   310   310.00000       4.00000       4.00000       4.00000      0.000000  0.000000e+00  0.000000e+00      0.000000      0.000000      0.000000      0.000000      0.000000      0.000000       2.71650      0.500000       5.00000       4.00000 -0.000000e+00      0.00000       0.00000      -3.98000      -3.98000
   311   311.00000       4.00000       4.00000       4.00000      0.000000  0.000000e+00  0.000000e+00      0.000000      0.000000      0.000000      0.000000      0.000000      0.000000       2.09852      0.500000       5.00000       4.00000 -0.000000e+00      0.00000       0.00000      -3.98000      -3.98000
   312   312.00000       4.00000       4.00000       4.00000      0.000000  0.000000e+00  0.000000e+00      0.000000      0.000000      0.000000      0.000000      0.000000      0.000000       1.62165      0.500000       5.00000       4.00000 -0.000000e+00      0.00000       0.00000      -3.98000      -3.98000
   313   313.00000       4.00000       4.00000       4.00000      0.000000  0.000000e+00  0.000000e+00      0.000000      0.000000      0.000000      0.000000      0.000000      0.000000       1.25366      0.500000       5.00000       4.00000 -0.000000e+00      0.00000       0.00000      -3.98000      -3.98000
   314   314.00000       4.00000       4.00000       4.00000      0.000000  0.000000e+00  0.000000e+00      0.000000      0.000000      0.000000      0.000000      0.000000      0.000000       0.96969      0.500000       5.00000       4.00000 -0.000000e+00      0.00000       0.00000      -3.98000      -3.98000
   315   315.00000       4.00000       4.00000       4.00000      0.000000  0.000000e+00  0.000000e+00      0.000000      0.000000      0.000000      0.000000      0.000000      0.000000       5.90000      0.500000       5.00000       4.00000 -0.000000e+00      0.00000       0.00000      -3.98000      -3.98000
   316   316.00000       4.00000       4.00000       4.00000      0.000000  0.000000e+00  0.000000e+00      0.000000      0.000000      0.000000      0.000000      0.000000      0.000000       4.55513      0.500000       5.00000       4.00000 -0.000000e+00      0.00000       0.00000      -3.98000      -3.98000
   317   317.00000       4.00000       4.00000       4.00000      0.000000  0.000000e+00  0.000000e+00      0.000000      0.000000      0.000000      0.000000      0.000000      0.000000       3.51733      0.500000       5.00000       4.00000 -0.000000e+00      0.00000       0.00000      -3.98000      -3.98000
   318   318.00000       4.00000       4.00000       4.00000      0.000000  0.000000e+00  0.000000e+00      0.000000      0.000000      0.000000      0.000000      0.000000      0.000000       2.71650      0.500000       5.00000       4.00000 -0.000000e+00      0.00000       0.00000      -3.98000      -3.98000
   319   319.00000       4.00000       4.00000       4.00000      0.000000  0.000000e+00  0.000000e+00      0.000000      0.000000      0.000000      0.000000      0.000000      0.000000       2.09852      0.500000       5.00000       4.00000 -0.000000e+00      0.00000       0.00000      -3.98000      -3.98000
   320   320.00000       4.00000       4.00000       4.00000      0.000000  0.000000e+00  0.000000e+00      0.000000      0.000000      0.000000      0.000000      0.000000      0.000000       1.62165      0.500000       5.00000       4.00000 -0.000000e+00      0.00000       0.00000      -3.98000      -3.98000
   321   321.00000       4.00000       4.00000       4.00000      0.000000  0.000000e+00  0.000000e+00      0.000000      0.000000      0.000000      0.000000      0.000000      0.000000       1.25366      0.500000       5.00000       4.00000 -0.000000e+00      0.00000       0.00000      -3.98000      -3.98000
   322   322.00000       4.00000       4.00000       4.00000      0.000000  0.000000e+00  0.000000e+00      0.000000      0.000000      0.000000      0.000000      0.000000      0.000000       0.96969      0.500000       5.00000       4.00000 -0.000000e+00      0.00000       0.00000      -3.98000      -3.98000
   323   323.00000       4.00000       4.00000       4.00000      0.000000  0.000000e+00  0.000000e+00      0.000000      0.000000      0.000000      0.000000      0.000000      0.000000       5.90000      0.500000       5.00000       4.00000 -0.000000e+00      0.00000       0.00000      -3.98000      -3.98000
   324   324.00000       4.00000       4.00000       4.00000      0.000000  0.000000e+00  0.000000e+00      0.000000      0.000000      0.000000      0.000000      0.000000      0.000000       4.55513      0.500000       5.00000       4.00000 -0.000000e+00      0.00000       0.00000      -3.98000      -3.98000
   325   325.00000       4.00000       4.00000       4.00000      0.000000  0.000000e+00  0.000000e+00      0.000000      0.000000      0.000000      0.000000      0.000000      0.000000       3.51733      0.500000       5.00000       4.00000 -0.000000e+00      0.00000       0.00000      -3.98000      -3.98000
   326   326.00000       4.00000       4.00000       4.00000      0.000000  0.000000e+00  0.000000e+00      0.000000      0.000000      0.000000      0.000000      0.000000      0.000000       2.71650      0.500000       5.00000       4.00000 -0.000000e+00      0.00000       0.00000      -3.98000      -3.98000
   327   327.00000       4.00000       4.00000       4.00000      0.000000  0.000000e+00  0.000000e+00      0.000000      0.000000      0.000000      0.000000      0.000000      0.000000       2.09852      0.500000       5.00000       4.00000 -0.000000e+00      0.00000       0.00000      -3.98000      -3.98000
   328   328.00000       4.00000       4.00000       4.00000      0.000000  0.000000e+00  0.000000e+00      0.000000      0.000000      0.000000      0.000000      0.000000      0.000000       1.62165      0.500000       5.00000       4.00000 -0.000000e+00      0.00000       0.00000      -3.98000      -3.98000
   329   329.00000       4.00000       4.00000       4.00000      0.000000  0.000000e+00  0.000000e+00      0.000000      0.000000      0.000000      0.000000      0.000000      0.000000       1.25366      0.500000       5.00000       4.00000 -0.000000e+00      0.00000       0.00000      -3.98000      -3.98000
   330   330.00000       4.00000       4.00000       4.00000      0.000000  0.000000e+00  0.000000e+00      0.000000      0.000000      0.000000      0.000000      0.000000      0.000000       0.96969      0.500000       5.00000       4.00000 -0.000000e+00      0.00000       0.00000      -3.98000      -3.98000
   331   331.00000       4.00000       4.00000       4.00000      0.000000  0.000000e+00  0.000000e+00      0.000000      0.000000      0.000000      0.000000      0.000000      0.000000       5.90000      0.500000       5.00000       4.00000 -0.000000e+00      0.00000       0.00000      -3.98000      -3.98000
   332   332.00000       4.00000       4.00000       4.00000      0.000000  0.000000e+00  0.000000e+00      0.000000      0.000000      0.000000      0.000000      0.000000      0.000000       4.55513      0.500000       5.00000       4.00000 -0.000000e+00      0.00000       0.00000      -3.98000      -3.98000
   333   333.00000       4.00000       4.00000       4.00000      0.000000  0.000000e+00  0.000000e+00      0.000000      0.000000      0.000000      0.000000      0.000000      0.000000       3.51733      0.500000       5.00000       4.00000 -0.000000e+00      0.00000       0.00000      -3.98000      -3.98000
   334   334.00000       4.00000       4.00000       4.00000      0.000000  0.000000e+00  0.000000e+00      0.000000      0.000000      0.000000      0.000000      0.000000      0.000000       2.71650      0.500000       5.00000       4.00000 -0.000000e+00      0.00000       0.00000      -3.98000      -3.98000
   335   335.00000       4.00000       4.00000       4.00000      0.000000  0.000000e+00  0.000000e+00      0.000000      0.000000      0.000000      0.000000      0.000000      0.000000       2.09852      0.500000       5.00000       4.00000 -0.000000e+00      0.00000       0.00000      -3.98000      -3.98000
   336   336.00000       4.00000       4.00000       4.00000      0.000000  0.000000e+00  0.000000e+00      0.000000      0.000000      0.000000      0.000000      0.000000      0.000000       1.62165      0.500000       5.00000       4.00000 -0.000000e+00      0.00000       0.00000      -3.98000      -3.98000
   337   337.00000       4.00000       4.00000       4.00000      0.000000  0.000000e+00  0.000000e+00      0.000000      0.000000      0.000000      0.000000      0.000000      0.000000       1.25366      0.500000       5.00000       4.00000 -0.000000e+00      0.00000       0.00000      -3.98000      -3.98000
   338   338.00000       4.00000       4.00000       4.00000      0.000000  0.000000e+00  0.000000e+00      0.000000      0.000000      0.000000      0.000000      0.000000      0.000000       0.96969      0.500000       5.00000       4.00000 -0.000000e+00      0.00000       0.00000      -3.98000      -3.98000
   339   339.00000       4.00000       4.00000       4.00000      0.000000  0.000000e+00  0.000000e+00      0.000000      0.000000      0.000000      0.000000      0.000000      0.000000       5.90000      0.500000       5.00000       4.00000 -0.000000e+00      0.00000       0.00000      -3.98000      -3.98000
   340   340.00000       4.00000       4.00000       4.00000      0.000000  0.000000e+00  0.000000e+00      0.000000      0.000000      0.000000      0.000000      0.000000      0.000000       4.55513      0.500000       5.00000       4.00000 -0.000000e+00      0.00000       0.00000      -3.98000      -3.98000
   341   341.00000       4.00000       4.00000       4.00000      0.000000  0.000000e+00  0.000000e+00      0.000000      0.000000      0.000000      0.000000      0.000000      0.000000       3.51733      0.500000       5.00000       4.00000 -0.000000e+00      0.00000       0.00000      -3.98000      -3.98000
   342   342.00000       4.00000       4.00000       4.00000      0.000000  0.000000e+00  0.000000e+00      0.000000      0.000000      0.000000      0.000000      0.000000      0.000000       2.71650      0.500000       5.00000       4.00000 -0.000000e+00      0.00000       0.00000      -3.98000      -3.98000
   343   343.00000       4.00000       4.00000       4.00000      0.000000  0.000000e+00  0.000000e+00      0.000000      0.000000      0.000000      0.000000      0.000000      0.000000       2.09852      0.500000       5.00000       4.00000 -0.000000e+00      0.00000       0.00000      -3.98000      -3.98000
   344   344.00000       4.00000       4.00000       4.00000      0.000000  0.000000e+00  0.000000e+00      0.000000      0.000000      0.000000      0.000000      0.000000      0.000000       1.62165      0.500000       5.00000       4.00000 -0.000000e+00      0.00000       0.00000      -3.98000      -3.98000
   345   345.00000       4.00000       4.00000       4.00000      0.000000  0.000000e+00  0.000000e+00      0.000000      0.000000      0.000000      0.000000      0.000000      0.000000       1.25366      0.500000       5.00000       4.00000 -0.000000e+00      0.00000       0.00000      -3.98000      -3.98000
   346   346.00000       4.00000       4.00000       4.00000      0.000000  0.000000e+00  0.000000e+00      0.000000      0.000000      0.000000      0.000000      0.000000      0.000000       0.96969      0.500000       5.00000       4.00000 -0.000000e+00      0.00000       0.00000      -3.98000      -3.98000
   347   347.00000       4.00000       4.00000       4.00000      0.000000  0.000000e+00  0.000000e+00      0.000000      0.000000      0.000000      0.000000      0.000000      0.000000       5.90000      0.500000       5.00000       4.00000 -0.000000e+00      0.00000       0.00000      -3.98000      -3.98000
   348   348.00000       4.00000       4.00000       4.00000      0.000000  0.000000e+00  0.000000e+00      0.000000      0.000000      0.000000      0.000000      0.000000      0.000000       4.55513      0.500000       5.00000       4.00000 -0.000000e+00      0.00000       0.00000      -3.98000      -3.98000
   349   349.00000       4.00000       4.00000       4.00000      0.000000  0.000000e+00  0.000000e+00      0.000000      0.000000      0.000000      0.000000      0.000000      0.000000       3.51733      0.500000       5.00000       4.00000 -0.000000e+00      0.00000       0.00000      -3.98000      -3.98000
   350   350.00000       4.00000       4.00000       4.00000      0.000000  0.000000e+00  0.000000e+00      0.000000      0.000000      0.000000      0.000000      0.000000      0.000000       2.71650      0.500000       5.00000       4.00000 -0.000000e+00      0.00000       0.00000      -3.98000      -3.98000
   351   351.00000       4.00000       4.00000       4.00000      0.000000  0.000000e+00  0.000000e+00      0.000000      0.000000      0.000000      0.000000      0.000000      0.000000       2.09852      0.500000       5.00000       4.00000 -0.000000e+00      0.00000       0.00000      -3.98000      -3.98000
   352   352.00000       4.00000       4.00000       4.00000      0.000000  0.000000e+00  0.000000e+00      0.000000      0.000000      0.000000      0.000000      0.000000      0.000000       1.62165      0.500000       5.00000       4.00000 -0.000000e+00      0.00000       0.00000      -3.98000      -3.98000
   353   353.00000       4.00000       4.00000       4.00000      0.000000  0.000000e+00  0.000000e+00      0.000000      0.000000      0.000000      0.000000      0.000000      0.000000       1.25366      0.500000       5.00000       4.00000 -0.000000e+00      0.00000       0.00000      -3.98000      -3.98000
   354   354.00000       4.00000       4.00000       4.00000      0.000000  0.000000e+00  0.000000e+00      0.000000      0.000000      0.000000      0.000000      0.000000      0.000000       0.96969      0.500000       5.00000       4.00000 -0.000000e+00      0.00000       0.00000      -3.98000      -3.98000
   355   355.00000       4.00000       4.00000       4.00000      0.000000  0.000000e+00  0.000000e+00      0.000000      0.000000      0.000000      0.000000      0.000000      0.000000       5.90000      0.500000       5.00000       4.00000 -0.000000e+00      0.00000       0.00000      -3.98000      -3.98000
   356   356.00000       4.00000       4.00000       4.00000      0.000000  0.000000e+00  0.000000e+00      0.000000      0.000000      0.000000      0.000000      0.000000      0.000000       4.55513      0.500000       5.00000       4.00000 -0.000000e+00      0.00000       0.00000      -3.98000      -3.98000
   357   357.00000       4.00000       4.00000       4.00000      0.000000  0.000000e+00  0.000000e+00      0.000000      0.000000      0.000000      0.000000      0.000000      0.000000       3.51733      0.500000       5.00000       4.00000 -0.000000e+00      0.00000       0.00000      -3.98000      -3.98000
   358   358.00000       4.00000       4.00000       4.00000      0.000000  0.000000e+00  0.000000e+00      0.000000      0.000000      0.000000      0.000000      0.000000      0.000000       2.71650      0.500000       5.00000       4.00000 -0.000000e+00      0.00000       0.00000      -3.98000      -3.98000
   359   359.00000       4.00000       4.00000       4.00000      0.000000  0.000000e+00  0.000000e+00      0.000000      0.000000      0.000000      0.000000      0.000000      0.000000       2.09852      0.500000       5.00000       4.00000 -0.000000e+00      0.00000       0.00000      -3.98000      -3.98000
   360   360.00000       4.00000       4.00000       4.00000      0.000000  0.000000e+00  0.000000e+00      0.000000      0.000000      0.000000      0.000000      0.000000      0.000000       1.62165      0.500000       5.00000       4.00000 -0.000000e+00      0.00000       0.00000      -3.98000      -3.98000
   361   361.00000       4.00000       4.00000       4.00000      0.000000  0.000000e+00  0.000000e+00      0.000000      0.000000      0.000000      0.000000      0.000000      0.000000       1.25366      0.500000       5.00000       4.00000 -0.000000e+00      0.00000       0.00000      -3.98000      -3.98000
   362   362.00000       4.00000       4.00000       4.00000      0.000000  0.000000e+00  0.000000e+00      0.000000      0.000000      0.000000      0.000000      0.000000      0.000000       0.96969      0.500000       5.00000       4.00000 -0.000000e+00      0.00000       0.00000      -3.98000      -3.98000
   363   363.00000       4.00000       4.00000       4.00000      0.000000  0.000000e+00  0.000000e+00      0.000000      0.000000      0.000000      0.000000      0.000000      0.000000       5.90000      0.500000       5.00000       4.00000 -0.000000e+00      0.00000       0.00000      -3.98000      -3.98000
   364   364.00000       4.00000       4.00000       4.00000      0.000000  0.000000e+00  0.000000e+00      0.000000      0.000000      0.000000      0.000000      0.000000      0.000000       4.55513      0.500000       5.00000       4.00000 -0.000000e+00      0.00000       0.00000      -3.98000      -3.98000
   365   365.00000       4.00000       4.00000       4.00000      0.000000  0.000000e+00  0.000000e+00      0.000000      0.000000      0.000000      0.000000      0.000000      0.000000       3.51733      0.500000       5.00000       4.00000 -0.000000e+00      0.00000       0.00000      -3.98000      -3.98000
